University Id;Faculty Name
1065;Ýnsan ve Toplum Bilimleri Fakültesi
1065;Mimarlýk Fakültesi
1065;Mühendislik Fakültesi
1065;Yaþam ve Doða Bilimleri Fakültesi
1065;Yönetim Bilimleri Fakültesi
2001;Eczacýlýk Fakültesi
2001;Ýnsan ve Toplum Bilimleri Fakültesi
2001;Mühendislik ve Doða Bilimleri Fakültesi
2001;Saðlýk Bilimleri Fakültesi
2001;Týp Fakültesi
3014;Diþ Hekimliði Fakültesi
3014;Eðitim Fakültesi
3014;Hukuk Fakültesi
3014;Mühendislik ve Mimarlýk Fakültesi
1104;Bilgisayar ve Biliþim Fakültesi
1104;Havacýlýk ve Uzay Bilimleri Fakültesi
1104;Ýnsan ve Toplum Bilimleri Fakültesi
1104;Ýþletme Fakültesi
1104;Mimarlýk ve Tasarým Fakültesi
1104;Mühendislik Fakültesi
1104;Siyasal Bilgiler Fakültesi
1002;Diþ Hekimliði Fakültesi
1002;Eczacýlýk Fakültesi
1002;Eðitim Fakültesi
1002;Fen-Edebiyat Fakültesi
1002;Ýktisadi ve Ýdari Bilimler Fakültesi
1002;Ýslami Ýlimler Fakültesi
1002;Mühendislik Fakültesi
1002;Saðlýk Bilimleri Fakültesi
1002;Týp Fakültesi
1002;Turizm Fakültesi
1002;Ziraat Fakültesi (Kahta)
1004;Bolvadin Uygulamalý Bilimler Fakültesi
1004;Dinar Uygulamalý Bilimler Yüksekokulu
1004;Eðitim Fakültesi
1004;Fen-Edebiyat Fakültesi
1004;Güzel Sanatlar Fakültesi
1004;Hukuk Fakültesi
1004;Ýktisadi ve Ýdari Bilimler Fakültesi
1004;Ýlahiyat Fakültesi
1004;Mühendislik Fakültesi
1004;Sandýklý Uygulamalý Bilimler Yüksekokulu
1004;Teknoloji Fakültesi
1004;Turizm Fakültesi
1004;Veteriner Fakültesi
1126;Diþ Hekimliði Fakültesi
1126;Eczacýlýk Fakültesi
1126;Saðlýk Bilimleri Fakültesi
1126;Týp Fakültesi
1005;Celal Oruç Hayvansal Üretim Yüksekokulu (Eleþkirt)
1005;Eczacýlýk Fakültesi
1005;Eðitim Fakültesi
1005;Fen-Edebiyat Fakültesi
1005;Ýktisadi ve Ýdari Bilimler Fakültesi
1005;Ýslami Ýlimler Fakültesi
1005;Patnos Sosyal Hizmetler Yüksekokulu
1005;Saðlýk Bilimleri Fakültesi
1005;Týp Fakültesi
1005;Turizm Ýþletmeciliði ve Otelcilik Yüksekokulu
3006;Ýþletme Fakültesi
1007;Diþ Hekimliði Fakültesi
1007;Edebiyat Fakültesi
1007;Eðitim Fakültesi
1007;Fen Fakültesi
1007;Güzel Sanatlar Fakültesi
1007;Hemþirelik Fakültesi
1007;Hukuk Fakültesi
1007;Ýktisadi ve Ýdari Bilimler Fakültesi
1007;Ýlahiyat Fakültesi
1007;Ýletiþim Fakültesi
1007;Kemer Denizcilik Fakültesi
1007;Kumluca Saðlýk Bilimleri Fakültesi
1007;Manavgat Sosyal ve Beþeri Bilimler Fakültesi
1007;Manavgat Turizm Fakültesi
1007;Mimarlýk Fakültesi
1007;Mühendislik Fakültesi
1007;Saðlýk Bilimleri Fakültesi
1007;Serik Ýþletme Fakültesi
1007;Su Ürünleri Fakültesi
1007;Týp Fakültesi
1007;Turizm Fakültesi
1007;Uygulamalý Bilimler Fakültesi
1007;Ziraat Fakültesi
1008;Diþ Hekimliði Fakültesi
1008;Eðitim Fakültesi
1008;Fen-Edebiyat Fakültesi
1008;Ýktisadi ve Ýdari Bilimler Fakültesi
1008;Ýletiþim Fakültesi
1008;Ýslami Ýlimler Fakültesi
1008;Mimarlýk ve Tasarým Fakültesi
1008;Mühendislik Fakültesi
1008;Saðlýk Bilimleri Fakültesi
1008;Týp Fakültesi
1008;Turizm Fakültesi
1008;Veteriner Fakültesi
1105;Diþ Hekimliði Fakültesi
1105;Eðitim Fakültesi
1105;Gazipaþa Havacýlýk ve Uzay Bilimleri Fakültesi
1105;Rafet Kayýþ Mühendislik Fakültesi
1105;Saðlýk Bilimleri Fakültesi
1105;Týp Fakültesi
1105;Turizm Fakültesi
2101;Mühendislik ve Doða Bilimleri Fakültesi
2101;Saðlýk Bilimleri Fakültesi
2101;Sanat ve Tasarým Fakültesi
2029;Diþ Hekimliði Fakültesi
2029;Eczacýlýk Fakültesi
2029;Hukuk Fakültesi
2029;Ýþletme Fakültesi
2029;Mühendislik ve Mimarlýk Fakültesi
2029;Týp Fakültesi
2029;Uygulamalý Bilimler Fakültesi
1009;Eðitim Fakültesi
1009;Fen-Edebiyat Fakültesi
1009;Ýlahiyat Fakültesi
1009;Merzifon Ýktisadi ve Ýdari Bilimler Fakültesi
1009;Mimarlýk Fakültesi
1009;Mühendislik Fakültesi
1009;Saðlýk Bilimleri Fakültesi
1009;Týp Fakültesi
1010;Açýköðretim Fakültesi
1010;Eczacýlýk Fakültesi
1010;Edebiyat Fakültesi
1010;Eðitim Fakültesi
1010;Hukuk Fakültesi
1010;Ýktisadi ve Ýdari Bilimler Fakültesi
1010;Ýktisat Fakültesi
1010;Ýletiþim Bilimleri Fakültesi
1010;Ýþletme Fakültesi
1010;Saðlýk Bilimleri Fakültesi
1010;Turizm Fakültesi
2095;Güzel Sanatlar ve Tasarým Fakültesi
2095;Hukuk Fakültesi
2095;Ýnsan ve Toplum Bilimleri Fakültesi
2095;Mühendislik ve Mimarlýk Fakültesi
1117;Edebiyat Fakültesi
1117;Finansal Bilimler Fakültesi
1117;Güzel Sanatlar Fakültesi
1117;Hukuk Fakültesi
1117;Ýktisadi ve Ýdari Bilimler Fakültesi
1117;Ýlahiyat Fakültesi
1117;Ýletiþim Fakültesi
1117;Polatlý Fen-Edebiyat Fakültesi
1117;Sanat ve Tasarým Fakültesi
1117;Tapu Kadastro Yüksekokulu
1117;Turizm Fakültesi
2092;Diþ Hekimliði Fakültesi
2092;Eczacýlýk Fakültesi
2092;Güzel Sanatlar Tasarým ve Mimarlýk Fakültesi
2092;Hukuk Fakültesi
2092;Ýletiþim Fakültesi
2092;Mühendislik ve Doða Bilimleri Fakültesi
2092;Saðlýk Bilimleri Fakültesi
2092;Siyasal Bilgiler Fakültesi
2092;Týp Fakültesi
1109;ASBÜ-Kuzey Kýbrýs Yerleþkesi (KKTC-Lefkoþa)
1109;Hukuk Fakültesi
1109;Ýlahiyat Fakültesi
1109;Siyasal Bilgiler Fakültesi
1109;Sosyal ve Beþeri Bilimler Fakültesi
1109;Yabancý Diller Fakültesi
1011;Açýk ve Uzaktan Eðitim Fakültesi
1011;Dil ve Tarih Coðrafya Fakültesi
1011;Diþ Hekimliði Fakültesi
1011;Eczacýlýk Fakültesi
1011;Eðitim Bilimleri Fakültesi
1011;Fen Fakültesi
1011;Güzel Sanatlar Fakültesi
1011;Hemþirelik Fakültesi
1011;Hukuk Fakültesi
1011;Ýlahiyat Fakültesi
1011;Ýletiþim Fakültesi
1011;Mühendislik Fakültesi
1011;Saðlýk Bilimleri Fakültesi
1011;Siyasal Bilgiler Fakültesi
1011;Týp Fakültesi
1011;Uygulamalý Bilimler Fakültesi
1011;Veteriner Fakültesi
1011;Ziraat Fakültesi
1100;Diþ Hekimliði Fakültesi
1100;Havacýlýk ve Uzay Bilimleri Fakültesi
1100;Hukuk Fakültesi
1100;Ýlahiyat Fakültesi
1100;Ýnsan ve Toplum Bilimleri Fakültesi
1100;Ýþletme Fakültesi
1100;Mimarlýk ve Güzel Sanatlar Fakültesi
1100;Mühendislik ve Doða Bilimleri Fakültesi
1100;Saðlýk Bilimleri Fakültesi
1100;Siyasal Bilgiler Fakültesi
1100;Þereflikoçhisar Uygulamalý Bilimler Fakültesi
1100;Týp Fakültesi
2102;Ýktisadi ve Ýdari Bilimler Fakültesi
2102;Ýnsani Bilimler Fakültesi
2102;Mühendislik-Mimarlýk Fakültesi
2102;Sanat ve Tasarým Fakültesi
2064;Diþ Hekimliði Fakültesi
2064;Güzel Sanatlar ve Mimarlýk Fakültesi
2064;Hukuk Fakültesi
2064;Mühendislik ve Doða Bilimleri Fakültesi
2064;Saðlýk Bilimleri Fakültesi
2064;Sivil Havacýlýk Yüksekokulu
2064;Turizm Fakültesi
1012;Ýktisadi ve Ýdari Bilimler Fakültesi
1012;Ýlahiyat Fakültesi
1012;Ýnsani Bilimler ve Edebiyat Fakültesi
1012;Mühendislik Fakültesi
1012;Saðlýk Bilimleri Fakültesi
1012;Spor Bilimleri Fakültesi
1012;Turizm Ýþletmeciliði ve Otelcilik Yüksekokulu
3016;Ýletiþim Fakültesi
3016;Sanat Fakültesi
3016;Tasarým Fakültesi
1013;Eðitim Fakültesi
1013;Fen-Edebiyat Fakültesi
1013;Hopa Ýktisadi ve Ýdari Bilimler Fakültesi
1013;Ýlahiyat Fakültesi (Hopa)
1013;Ýþletme Fakültesi
1013;Mühendislik Fakültesi
1013;Orman Fakültesi
1013;Saðlýk Bilimleri Fakültesi
1013;Sanat ve Tasarým Fakültesi (Arhavi)
1013;Spor Bilimleri Fakültesi
1013;Turizm Fakültesi
1014;Açýk ve Uzaktan Öðretim Fakültesi
1014;Diþ Hekimliði Fakültesi
1014;Eczacýlýk Fakültesi
1014;Edebiyat Fakültesi
1014;Fen Fakültesi
1014;Güzel Sanatlar Fakültesi
1014;Hemþirelik Fakültesi
1014;Hukuk Fakültesi
1014;Ýktisadi ve Ýdari Bilimler Fakültesi
1014;Ýlahiyat Fakültesi
1014;Ýletiþim Fakültesi
1014;Kazým Karabekir Eðitim Fakültesi
1014;Mimarlýk ve Tasarým Fakültesi
1014;Mühendislik Fakültesi
1014;Oltu Beþeri ve Sosyal Bilimler Fakültesi
1014;Saðlýk Bilimleri Fakültesi
1014;Su Ürünleri Fakültesi
1014;Týp Fakültesi
1014;Turizm Fakültesi
1014;Uygulamalý Bilimler Fakültesi (Oltu)
1014;Veteriner Fakültesi
1014;Ziraat Fakültesi
2002;Fen-Edebiyat Fakültesi
2002;Güzel Sanatlar Tasarým ve Mimarlýk Fakültesi
2002;Hukuk Fakültesi
2002;Ýþletme Fakültesi
2002;Mühendislik Fakültesi
2002;Saðlýk Bilimleri Fakültesi
2002;Sivil Havacýlýk Yüksekokulu
2002;Týp Fakültesi
2003;Fen-Edebiyat Fakültesi
2003;Ýktisadi ve Ýdari Bilimler Fakültesi
2003;Ýletiþim Fakültesi
2003;Mühendislik ve Mimarlýk Fakültesi
2003;Saðlýk Bilimleri Fakültesi
2003;Uygulamalý Bilimler Yüksekokulu
1003;Diþ Hekimliði Fakültesi
1003;Eðitim Fakültesi
1003;Fen Fakültesi
1003;Hemþirelik Fakültesi
1003;Ýlahiyat Fakültesi
1003;Ýletiþim Fakültesi
1003;Ýnsan ve Toplum Bilimleri Fakültesi
1003;Mühendislik Fakültesi
1003;Nazilli Ýktisadi ve Ýdari Bilimler Fakültesi
1003;Saðlýk Bilimleri Fakültesi
1003;Siyasal Bilgiler Fakültesi
1003;Söke Ýþletme Fakültesi
1003;Týp Fakültesi
1003;Turizm Fakültesi (Kuþadasý)
1003;Veteriner Fakültesi
1003;Ziraat Fakültesi
3017;Mimarlýk ve Mühendislik Fakültesi
3017;Turizm Fakültesi
2005;Diþ Hekimliði Fakültesi
2005;Eczacýlýk Fakültesi
2005;Eðitim Bilimleri Fakültesi
2005;Hukuk Fakültesi
2005;Ýletiþim Fakültesi
2005;Mimarlýk ve Tasarým Fakültesi
2005;Mühendislik ve Doða Bilimleri Fakültesi
2005;Saðlýk Bilimleri Fakültesi
2005;Týp Fakültesi
2005;Uygulamalý Bilimler Yüksekokulu
1015;Burhaniye Uygulamalý Bilimler Fakültesi
1015;Edremit Sivil Havacýlýk Yüksekokulu
1015;Fen-Edebiyat Fakültesi
1015;Hukuk Fakültesi
1015;Ýktisadi ve Ýdari Bilimler Fakültesi
1015;Ýlahiyat Fakültesi
1015;Mimarlýk Fakültesi
1015;Mühendislik Fakültesi
1015;Necatibey Eðitim Fakültesi
1015;Saðlýk Bilimleri Fakültesi
1015;Týp Fakültesi
1015;Turizm Fakültesi
1015;Veteriner Fakültesi
1106;Denizcilik Fakültesi
1106;Ýktisadi ve Ýdari Bilimler Fakültesi
1106;Ýletiþim Fakültesi
1106;Ýnsan ve Toplum Bilimleri Fakültesi
1106;Ýslami Ýlimler Fakültesi
1106;Mühendislik ve Doða Bilimleri Fakültesi
1106;Ömer Seyfettin Uygulamalý Bilimler Fakültesi
1106;Saðlýk Bilimleri Fakültesi
1106;Týp Fakültesi
1016;Bartýn Orman Fakültesi
1016;Edebiyat Fakültesi
1016;Eðitim Fakültesi
1016;Fen Fakültesi
1016;Ýktisadi ve Ýdari Bilimler Fakültesi
1016;Ýslami Ýlimler Fakültesi
1016;Saðlýk Bilimleri Fakültesi
1016;Spor Bilimleri Fakültesi
2006;Diþ Hekimliði Fakültesi
2006;Eczacýlýk Fakültesi
2006;Eðitim Fakültesi
2006;Fen-Edebiyat Fakültesi
2006;Güzel Sanatlar Tasarým ve Mimarlýk Fakültesi
2006;Hukuk Fakültesi
2006;Ýktisadi ve Ýdari Bilimler Fakültesi
2006;Ýletiþim Fakültesi
2006;Mühendislik Fakültesi
2006;Saðlýk Bilimleri Fakültesi
2006;Týp Fakültesi
2006;Ticari Bilimler Fakültesi
1017;Diþ Hekimliði Fakültesi
1017;Fen-Edebiyat Fakültesi
1017;Güzel Sanatlar Fakültesi
1017;Ýktisadi ve Ýdari Bilimler Fakültesi
1017;Ýslami Ýlimler Fakültesi
1017;Mühendislik-Mimarlýk Fakültesi
1017;Saðlýk Bilimleri Fakültesi
1017;Turizm Fakültesi
1018;Eðitim Fakültesi
1018;Ýktisadi ve Ýdari Bilimler Fakültesi
1018;Ýlahiyat Fakültesi
1018;Ýnsan ve Toplum Bilimleri Fakültesi
1018;Mühendislik Fakültesi
1018;Saðlýk Bilimleri Fakültesi
1018;Uygulamalý Bilimler Fakültesi
2008;Ýþletme ve Yönetim Bilimleri Fakültesi
2008;Mühendislik ve Mimarlýk Fakültesi
2008;Sanat ve Tasarým Fakültesi
2008;Sivil Havacýlýk Yüksekokulu
2008;Sosyal Bilimler Fakültesi
2009;Diþ Hekimliði Fakültesi
2009;Eczacýlýk Fakültesi
2009;Saðlýk Bilimleri Fakültesi
2009;Týp Fakültesi
1019;Diþ Hekimliði Fakültesi
1019;Fen Fakültesi
1019;Güzel Sanatlar ve Tasarým Fakültesi
1019;Ýktisadi ve Ýdari Bilimler Fakültesi
1019;Ýnsan ve Toplum Bilimleri Fakültesi
1019;Ýslami Ýlimler Fakültesi
1019;Mühendislik Fakültesi
1019;Saðlýk Bilimleri Fakültesi
1019;Týp Fakültesi
1019;Uygulamalý Bilimler Fakültesi
1019;Ziraat ve Doða Bilimleri Fakültesi
1020;Diþ Hekimliði Fakültesi
1020;Fen-Edebiyat Fakültesi
1020;Fizik Tedavi ve Rehabilitasyon Fakültesi
1020;Ýktisadi ve Ýdari Bilimler Fakültesi
1020;Ýslami Ýlimler Fakültesi
1020;Mühendislik-Mimarlýk Fakültesi
1020;Saðlýk Bilimleri Fakültesi
1020;Spor Bilimleri Fakültesi
1020;Veteriner Fakültesi
1020;Ziraat Fakültesi
2076;Diþ Hekimliði Fakültesi
2076;Eczacýlýk Fakültesi
2076;Eðitim Fakültesi
2076;Mühendislik ve Doða Bilimleri Fakültesi
2076;Saðlýk Bilimleri Fakültesi
2076;Týp Fakültesi
1021;Fen-Edebiyat Fakültesi
1021;Ýktisadi ve Ýdari Bilimler Fakültesi
1021;Ýslami Ýlimler Fakültesi
1021;Kanýk Uygulamalý Bilimler Yüksekokulu (Ahlat)
1021;Mühendislik-Mimarlýk Fakültesi
1021;Saðlýk Bilimleri Fakültesi
1022;Eðitim Fakültesi
1022;Fen-Edebiyat Fakültesi
1022;Hukuk Fakültesi
1022;Ýktisadi ve Ýdari Bilimler Fakültesi
1022;Mühendislik Fakültesi
1022;Yönetim Bilimleri Fakültesi
1001;Diþ Hekimliði Fakültesi
1001;Eðitim Fakültesi
1001;Fen-Edebiyat Fakültesi
1001;Gerede Uygulamalý Bilimler Fakültesi
1001;Hukuk Fakültesi
1001;Ýktisadi ve Ýdari Bilimler Fakültesi
1001;Ýlahiyat Fakültesi
1001;Ýletiþim Fakültesi
1001;Mimarlýk Fakültesi
1001;Mühendislik Fakültesi
1001;Saðlýk Bilimleri Fakültesi
1001;Týp Fakültesi
1001;Turizm Fakültesi
1001;Ziraat Fakültesi
1073;Bucak Bilgisayar ve Biliþim Fakültesi
1073;Bucak Ýþletme Fakültesi
1073;Bucak Saðlýk Yüksekokulu
1073;Bucak Zeliha Tolunay Uygulamalý Teknoloji ve Ýþletmecilik Yüksekokulu
1073;Diþ Hekimliði Fakültesi
1073;Eðitim Fakültesi
1073;Fen-Edebiyat Fakültesi
1073;Gölhisar Uygulamalý Bilimler Yüksekokulu
1073;Ýktisadi ve Ýdari Bilimler Fakültesi
1073;Ýlahiyat Fakültesi
1073;Mühendislik-Mimarlýk Fakültesi
1073;Saðlýk Bilimleri Fakültesi
1073;Sanat ve Tasarým Fakültesi
1073;Spor Bilimleri Fakültesi
1073;Turizm Fakültesi
1073;Veteriner Fakültesi
1024;Denizcilik Fakültesi
1024;Ýnsan ve Toplum Bilimleri Fakültesi
1024;Mimarlýk ve Tasarým Fakültesi
1024;Mühendislik ve Doða Bilimleri Fakültesi
1024;Orman Fakültesi
1097;Diþ Hekimliði Fakültesi
1097;Eðitim Fakültesi
1097;Fen-Edebiyat Fakültesi
1097;Hukuk Fakültesi (Gemlik)
1097;Ýktisadi ve Ýdari Bilimler Fakültesi
1097;Ýlahiyat Fakültesi
1097;Ýnegöl Ýþletme Fakültesi
1097;Mimarlýk Fakültesi
1097;Mühendislik Fakültesi
1097;Saðlýk Bilimleri Fakültesi
1097;Týp Fakültesi
1097;Veteriner Fakültesi
1097;Ziraat Fakültesi
2010;Fen-Edebiyat Fakültesi
2010;Hukuk Fakültesi
2010;Ýktisadi ve Ýdari Bilimler Fakültesi
1027;Biga Ýktisadi ve Ýdari Bilimler Fakültesi
1027;Biga Uygulamalý Bilimler Fakültesi
1027;Çan Uygulamalý Bilimler Fakültesi
1027;Çanakkale Uygulamalý Bilimler Fakültesi
1027;Deniz Bilimleri ve Teknolojisi Fakültesi
1027;Diþ Hekimliði Fakültesi
1027;Eðitim Fakültesi
1027;Fen Fakültesi
1027;Gökçeada Uygulamalý Bilimler Yüksekokulu
1027;Ýlahiyat Fakültesi
1027;Ýletiþim Fakültesi
1027;Ýnsan ve Toplum Bilimleri Fakültesi
1027;Mimarlýk ve Tasarým Fakültesi
1027;Mühendislik Fakültesi
1027;Saðlýk Bilimleri Fakültesi
1027;Siyasal Bilgiler Fakültesi
1027;Týp Fakültesi
1027;Turizm Fakültesi
1027;Ziraat Fakültesi
2011;Fen-Edebiyat Fakültesi
2011;Hukuk Fakültesi
2011;Ýktisadi ve Ýdari Bilimler Fakültesi
2011;Mimarlýk Fakültesi
2011;Mühendislik Fakültesi
1028;Diþ Hekimliði Fakültesi
1028;Fen Fakültesi
1028;Hukuk Fakültesi
1028;Ilgaz Turizm ve Otelcilik Yüksekokulu
1028;Ýktisadi ve Ýdari Bilimler Fakültesi
1028;Ýnsan ve Toplum Bilimleri Fakültesi
1028;Ýslami Ýlimler Fakültesi
1028;Mühendislik Fakültesi
1028;Orman Fakültesi
1028;Saðlýk Bilimleri Fakültesi
1029;Ceyhan Mühendislik Fakültesi
1029;Ceyhan Veteriner Fakültesi
1029;Diþ Hekimliði Fakültesi
1029;Eczacýlýk Fakültesi
1029;Eðitim Fakültesi
1029;Fen-Edebiyat Fakültesi
1029;Güzel Sanatlar Fakültesi
1029;Hukuk Fakültesi
1029;Ýktisadi ve Ýdari Bilimler Fakültesi
1029;Ýlahiyat Fakültesi
1029;Ýletiþim Fakültesi
1029;Kozan Ýþletme Fakültesi
1029;Mimarlýk Fakültesi
1029;Mühendislik Fakültesi
1029;Saðlýk Bilimleri Fakültesi
1029;Su Ürünleri Fakültesi
1029;Týp Fakültesi
1029;Ziraat Fakültesi
2026;Fen-Edebiyat Fakültesi
2026;Florence Nightingale Hastanesi Hemþirelik Yüksekokulu
2026;Saðlýk Bilimleri Fakültesi
2026;Týp Fakültesi
1030;Atatürk Saðlýk Bilimleri Fakültesi
1030;Diþ Hekimliði Fakültesi
1030;Eczacýlýk Fakültesi
1030;Fen Fakültesi
1030;Hukuk Fakültesi
1030;Ýktisadi ve Ýdari Bilimler Fakültesi
1030;Ýlahiyat Fakültesi
1030;Ýletiþim Fakültesi
1030;Mimarlýk Fakültesi
1030;Mühendislik Fakültesi
1030;Sezai Karakoç Edebiyat Fakültesi
1030;Sivil Havacýlýk Yüksekokulu
1030;Týp Fakültesi
1030;Veteriner Fakültesi
1030;Ziraat Fakültesi
1030;Ziya Gökalp Eðitim Fakültesi
3001;Bilgisayar ve Teknoloji Yüksekokulu
3001;Diþ Hekimliði Fakültesi
3001;Eczacýlýk Fakültesi
3001;Eðitim Fakültesi
3001;Fen ve Edebiyat Fakültesi
3001;Hukuk Fakültesi
3001;Ýletiþim Fakültesi
3001;Ýþletme ve Ekonomi Fakültesi
3001;Mimarlýk Fakültesi
3001;Mühendislik Fakültesi
3001;Saðlýk Bilimleri Fakültesi
3001;Týp Fakültesi
3001;Turizm Fakültesi
2012;Fen-Edebiyat Fakültesi
2012;Hukuk Fakültesi
2012;Ýktisadi ve Ýdari Bilimler Fakültesi
2012;Mühendislik Fakültesi
2012;Saðlýk Bilimleri Yüksekokulu
2012;Sanat ve Tasarým Fakültesi
1031;Buca Eðitim Fakültesi
1031;Denizcilik Fakültesi
1031;Diþ Hekimliði Fakültesi
1031;Edebiyat Fakültesi
1031;Fen Fakültesi
1031;Fizik Tedavi ve Rehabilitasyon Fakültesi
1031;Güzel Sanatlar Fakültesi
1031;Hemþirelik Fakültesi
1031;Hukuk Fakültesi
1031;Ýktisadi ve Ýdari Bilimler Fakültesi
1031;Ýlahiyat Fakültesi
1031;Ýþletme Fakültesi
1031;Mimarlýk Fakültesi
1031;Mühendislik Fakültesi
1031;Týp Fakültesi
1031;Turizm Fakültesi
1031;Uygulamalý Bilimler Yüksekokulu
1031;Veteriner Fakültesi (Kiraz)
1033;Akçakoca Bey Siyasal Bilgiler Fakültesi
1033;Akçakoca Turizm Ýþletmeciliði ve Otelcilik Yüksekokulu
1033;Eczacýlýk Fakültesi
1033;Eðitim Fakültesi
1033;Fen-Edebiyat Fakültesi
1033;Ýlahiyat Fakültesi
1033;Ýþletme Fakültesi
1033;Mühendislik Fakültesi
1033;Orman Fakültesi
1033;Saðlýk Bilimleri Fakültesi
1033;Týp Fakültesi
1033;Ziraat Fakültesi
1034;Birgivi Ýlahiyat Fakültesi
1034;Çeþme Turizm Fakültesi
1034;Diþ Hekimliði Fakültesi
1034;Eczacýlýk Fakültesi
1034;Edebiyat Fakültesi
1034;Eðitim Fakültesi
1034;Fen Fakültesi
1034;Güzel Sanatlar Tasarým ve Mimarlýk Fakültesi
1034;Hemþirelik Fakültesi
1034;Ýktisadi ve Ýdari Bilimler Fakültesi
1034;Ýletiþim Fakültesi
1034;Moda ve Tasarým Yüksekokulu
1034;Mühendislik Fakültesi
1034;Ödemiþ Saðlýk Bilimleri Fakültesi
1034;Saðlýk Bilimleri Fakültesi
1034;Su Ürünleri Fakültesi
1034;Týp Fakültesi
1034;Ziraat Fakültesi
1035;Diþ Hekimliði Fakültesi
1035;Eczacýlýk Fakültesi
1035;Edebiyat Fakültesi
1035;Eðitim Fakültesi
1035;Fen Fakültesi
1035;Havacýlýk ve Uzay Bilimleri Fakültesi
1035;Hukuk Fakültesi
1035;Ýktisadi ve Ýdari Bilimler Fakültesi
1035;Ýlahiyat Fakültesi
1035;Ýletiþim Fakültesi
1035;Mimarlýk Fakültesi
1035;Mühendislik Fakültesi
1035;Saðlýk Bilimleri Fakültesi
1035;Týp Fakültesi
1035;Turizm Fakültesi
1035;Veteriner Fakültesi
1035;Ziraat Fakültesi
1036;Ali Cavit Çelebioðlu Sivil Havacýlýk Yüksekokulu
1036;Diþ Hekimliði Fakültesi
1036;Eczacýlýk Fakültesi
1036;Eðitim Fakültesi
1036;Fen-Edebiyat Fakültesi
1036;Hukuk Fakültesi
1036;Ýktisadi ve Ýdari Bilimler Fakültesi
1036;Ýlahiyat Fakültesi
1036;Kemaliye Hacý Ali Akýn Uygulamalý Bilimler Yüksekokulu
1036;Mühendislik-Mimarlýk Fakültesi
1036;Saðlýk Bilimleri Fakültesi
1036;Týp Fakültesi
1037;Edebiyat Fakültesi
1037;Fen Fakültesi
1037;Ýktisadi ve Ýdari Bilimler Fakültesi
1037;Mühendislik ve Mimarlýk Fakültesi
1037;Saðlýk Bilimleri Fakültesi
1038;Diþ Hekimliði Fakültesi
1038;Eðitim Fakültesi
1038;Fen Fakültesi
1038;Hukuk Fakültesi
1038;Ýktisadi ve Ýdari Bilimler Fakültesi
1038;Ýlahiyat Fakültesi
1038;Ýnsan ve Toplum Bilimleri Fakültesi
1038;Mühendislik-Mimarlýk Fakültesi
1038;Saðlýk Bilimleri Fakültesi
1038;Sanat ve Tasarým Fakültesi
1038;Týp Fakültesi
1038;Turizm Fakültesi
1038;Ziraat Fakültesi
1124;Fen Fakültesi
1124;Havacýlýk ve Uzay Bilimleri Fakültesi
1124;Mimarlýk ve Tasarým Fakültesi
1124;Mühendislik Fakültesi
2014;Eðitim Fakültesi
2014;Hukuk Fakültesi
2014;Ýktisadi ve Ýdari Bilimler Fakültesi
2014;Ýnsan ve Toplum Bilimleri Fakültesi
2014;Ýslami Ýlimler Fakültesi
2014;Mühendislik Fakültesi
2090;Eczacýlýk Fakültesi
2090;Ýletiþim Fakültesi
2090;Mühendislik ve Mimarlýk Fakültesi
2090;Saðlýk Bilimleri Fakültesi
1039;Diþ Hekimliði Fakültesi
1039;Eczacýlýk Fakültesi
1039;Eðitim Fakültesi
1039;Fen Fakültesi
1039;Ýktisadi ve Ýdari Bilimler Fakültesi
1039;Ýlahiyat Fakültesi
1039;Ýletiþim Fakültesi
1039;Ýnsan ve Toplum Bilimleri Fakültesi
1039;Mimarlýk Fakültesi
1039;Mühendislik Fakültesi
1039;Saðlýk Bilimleri Fakültesi
1039;Sivil Havacýlýk Yüksekokulu
1039;Spor Bilimleri Fakültesi
1039;Su Ürünleri Fakültesi
1039;Teknoloji Fakültesi
1039;Týp Fakültesi
1039;Veteriner Fakültesi
1040;Fen-Edebiyat Fakültesi
1040;Hukuk Fakültesi
1040;Ýktisadi ve Ýdari Bilimler Fakültesi
1040;Ýletiþim Fakültesi
1040;Mühendislik ve Teknoloji Fakültesi
1041;Diþ Hekimliði Fakültesi
1041;Eczacýlýk Fakültesi
1041;Fen Fakültesi
1041;Gazi Eðitim Fakültesi
1041;Hemþirelik Fakültesi
1041;Mimarlýk Fakültesi
1041;Mühendislik Fakültesi
1041;Saðlýk Bilimleri Fakültesi
1041;Teknoloji Fakültesi
1041;Týp Fakültesi
1041;Uygulamalý Bilimler Fakültesi
1112;Güzel Sanatlar Tasarým ve Mimarlýk Fakültesi
1112;Ýslami Ýlimler Fakültesi
1112;Mühendislik ve Doða Bilimleri Fakültesi
1112;Saðlýk Bilimleri Fakültesi
1112;Týp Fakültesi
1042;Diþ Hekimliði Fakültesi
1042;Fen-Edebiyat Fakültesi
1042;Gaziantep Eðitim Fakültesi
1042;Güzel Sanatlar Fakültesi
1042;Havacýlýk ve Uzay Bilimleri Fakültesi
1042;Hukuk Fakültesi
1042;Ýktisadi ve Ýdari Bilimler Fakültesi
1042;Ýlahiyat Fakültesi
1042;Ýletiþim Fakültesi
1042;Ýslahiye Ýktisadi ve Ýdari Bilimler Fakültesi
1042;Mimarlýk Fakültesi
1042;Mühendislik Fakültesi
1042;Nizip Eðitim Fakültesi
1042;Saðlýk Bilimleri Fakültesi
1042;Týp Fakültesi
1042;Turizm Fakültesi
1044;Havacýlýk ve Uzay Bilimleri Fakültesi
1044;Ýþletme Fakültesi
1044;Mimarlýk Fakültesi
1044;Mühendislik Fakültesi
1044;Temel Bilimler Fakültesi
1045;Bulancak Kadir Karabaþ Uygulamalý Bilimler Yüksekokulu
1045;Diþ Hekimliði Fakültesi
1045;Eðitim Fakültesi
1045;Fen-Edebiyat Fakültesi
1045;Görele Güzel Sanatlar Fakültesi
1045;Görele Uygulamalý Bilimler Yüksekokulu
1045;Ýktisadi ve Ýdari Bilimler Fakültesi
1045;Ýlahiyat Fakültesi
1045;Mühendislik Fakültesi
1045;Saðlýk Bilimleri Fakültesi (Piraziz)
1045;Þebinkarahisar Uygulamalý Bilimler Yüksekokulu
1045;Týp Fakültesi
1045;Tirebolu Ýletiþim Fakültesi
1045;Turizm Fakültesi (Keþap)
3002;Beþeri Bilimler Fakültesi
3002;Denizcilik ve Ulaþtýrma Yüksekokulu
3002;Eczacýlýk Fakültesi
3002;Eðitim Fakültesi
3002;Havacýlýk Yüksekokulu
3002;Hemþirelik Yüksekokulu
3002;Hukuk Fakültesi
3002;Ýletiþim Fakültesi
3002;Ýþletme Fakültesi
3002;Mühendislik Fakültesi
3002;Saðlýk Bilimleri Fakültesi
3002;Siyasal Bilimler Fakültesi
3002;Uygulamalý Sosyal Bilimler Yüksekokulu
3007;Deniz Bilimleri Fakültesi
3007;Deniz Ýþletmeciliði ve Yönetimi Fakültesi
3007;Denizcilik Fakültesi
3007;Diþ Hekimliði Fakültesi
3007;Eðitim Fakültesi
3007;Fen Edebiyat Fakültesi
3007;Havacýlýk ve Uzay Bilimleri Fakültesi
3007;Hukuk Fakültesi
3007;Ýktisadi ve Ýdari Bilimler Fakültesi
3007;Mimarlýk Fakültesi
3007;Mühendislik Fakültesi
3007;Saðlýk Bilimleri Fakültesi
3007;Týp Fakültesi
3007;Turizm Fakültesi
1047;Edebiyat Fakültesi
1047;Gümüþhane Ýktisadi ve Ýdari Bilimler Fakültesi
1047;Ýlahiyat Fakültesi
1047;Ýletiþim Fakültesi
1047;Mühendislik ve Doða Bilimleri Fakültesi
1047;Saðlýk Bilimleri Fakültesi
1047;Turizm Fakültesi
1047;Uygulamalý Bilimler Yüksekokulu
1048;Diþ Hekimliði Fakültesi
1048;Eczacýlýk Fakültesi
1048;Edebiyat Fakültesi
1048;Eðitim Fakültesi
1048;Fen Fakültesi
1048;Fizik Tedavi ve Rehabilitasyon Fakültesi
1048;Güzel Sanatlar Fakültesi
1048;Hemþirelik Fakültesi
1048;Hukuk Fakültesi
1048;Ýktisadi ve Ýdari Bilimler Fakültesi
1048;Ýletiþim Fakültesi
1048;Mühendislik Fakültesi
1048;Saðlýk Bilimleri Fakültesi
1048;Týp Fakültesi
1049;Eðitim Fakültesi
1049;Ýktisadi ve Ýdari Bilimler Fakültesi
1049;Ýlahiyat Fakültesi
1049;Mühendislik Fakültesi
1049;Saðlýk Bilimleri Fakültesi
2019;Fen-Edebiyat Fakültesi
2019;Güzel Sanatlar Fakültesi
2019;Ýþletme Fakültesi
2019;Mimarlýk Fakültesi
2019;Mühendislik Fakültesi
2019;Saðlýk Bilimleri Fakültesi
1050;Diþ Hekimliði Fakültesi
1050;Eczacýlýk Fakültesi
1050;Eðitim Fakültesi
1050;Fen-Edebiyat Fakültesi
1050;Güzel Sanatlar Fakültesi
1050;Ýktisadi ve Ýdari Bilimler Fakültesi
1050;Ýlahiyat Fakültesi
1050;Mühendislik Fakültesi
1050;Saðlýk Bilimleri Fakültesi
1050;Siverek Uygulamalý Bilimler Fakültesi
1050;Týp Fakültesi
1050;Turizm Fakültesi
1050;Veteriner Fakültesi
1050;Ziraat Fakültesi
2016;Eðitim Fakültesi
2016;Güzel Sanatlar ve Mimarlýk Fakültesi
2016;Havacýlýk ve Uzay Bilimleri Fakültesi
2016;Hukuk Fakültesi
2016;Ýletiþim Fakültesi
2016;Mühendislik Fakültesi
2016;Saðlýk Bilimleri Fakültesi
2016;Turizm Fakültesi
1077;Diþ Hekimliði Fakültesi
1077;Eðitim Fakültesi
1077;Fen-Edebiyat Fakültesi
1077;Ýktisadi ve Ýdari Bilimler Fakültesi
1077;Ýlahiyat Fakültesi
1077;Ýletiþim Fakültesi
1077;Mimarlýk Fakültesi
1077;Saðlýk Bilimleri Fakültesi
1077;Tayfur Ata Sökmen Týp Fakültesi
1077;Turizm Ýþletmeciliði ve Otelcilik Yüksekokulu
1077;Veteriner Fakültesi
1077;Ziraat Fakültesi
1051;Fen-Edebiyat Fakültesi
1051;Ýktisadi ve Ýdari Bilimler Fakültesi
1051;Ýlahiyat Fakültesi
1051;Mühendislik Fakültesi
1051;Saðlýk Bilimleri Fakültesi
1051;Týp Fakültesi
4039;Diþ Hekimliði Fakültesi
4039;Edebiyat Fakültesi
4039;Ýktisadi ve Ýdari Bilimler Fakültesi
4039;Ýlahiyat Fakültesi
4039;Ýnsan ve Toplum Bilimleri Fakültesi
4039;Mühendislik Fakültesi
1052;Fen-Edebiyat Fakültesi
1052;Ýktisadi ve Ýdari Bilimler Fakültesi
1052;Ýlahiyat Fakültesi
1052;Mühendislik Fakültesi
1052;Saðlýk Bilimleri Fakültesi
1052;Spor Bilimleri Fakültesi
1052;Turizm Fakültesi
1052;Uygulamalý Bilimler Fakültesi
1052;Ziraat Fakültesi
1125;Büyükkutlu Uygulamalý Bilimler Fakültesi (Yalvaç)
1125;Eðirdir Su Ürünleri Fakültesi
1125;Orman Fakültesi
1125;Teknoloji Fakültesi
1125;Turizm Fakültesi (Eðirdir)
1125;Ziraat Fakültesi
2020;Mühendislik ve Doða Bilimleri Fakültesi
2086;Eðitim Bilimleri Fakültesi
2086;Hukuk Fakültesi
2086;Ýletiþim Fakültesi
2086;Ýnsan ve Toplum Bilimleri Fakültesi
2086;Ýslami Ýlimler Fakültesi
2086;Yönetim Bilimleri Fakültesi
2021;Eðitim Fakültesi
2021;Fen Fakültesi
2021;Güzel Sanatlar Tasarým ve Mimarlýk Fakültesi
2021;Hukuk Fakültesi
2021;Ýnsani Bilimler ve Edebiyat Fakültesi
2021;Ýþletme Fakültesi
2021;Mühendislik Fakültesi
2021;Uygulamalý Bilimler Fakültesi
1053;Diþ Hekimliði Fakültesi
1053;Eczacýlýk Fakültesi
1053;Eðitim Fakültesi
1053;Fen-Edebiyat Fakültesi
1053;Güzel Sanatlar ve Tasarým Fakültesi
1053;Hemþirelik Fakültesi
1053;Hukuk Fakültesi
1053;Ýktisadi ve Ýdari Bilimler Fakültesi
1053;Ýlahiyat Fakültesi
1053;Ýletiþim Fakültesi
1053;Mühendislik Fakültesi
1053;Saðlýk Bilimleri Fakültesi
1053;Spor Bilimleri Fakültesi
1053;Týp Fakültesi
1107;Barbaros Hayrettin Gemi Ýnþaatý ve Denizcilik Fakültesi
1107;Deniz Bilimleri ve Teknolojisi Fakültesi
1107;Havacýlýk ve Uzay Bilimleri Fakültesi
1107;Ýþletme ve Yönetim Bilimleri Fakültesi
1107;Mimarlýk Fakültesi
1107;Mühendislik ve Doða Bilimleri Fakültesi
1107;Turizm Fakültesi
2022;Edebiyat Fakültesi
2022;Eðitim Fakültesi
2022;Hukuk Fakültesi
2022;Ýktisadi ve Ýdari Bilimler Fakültesi
2022;Ýlahiyat Fakültesi
2023;Fen-Edebiyat Fakültesi
2023;Güzel Sanatlar Fakültesi
2023;Ýktisadi ve Ýdari Bilimler Fakültesi
2023;Ýletiþim Fakültesi
2023;Mimarlýk Fakültesi
2023;Mühendislik Fakültesi
2023;Saðlýk Bilimleri Fakültesi
2023;Týp Fakültesi
2093;Diþ Hekimliði Fakültesi
2093;Ýnsan ve Toplum Bilimleri Fakültesi
2093;Mühendislik ve Doða Bilimleri Fakültesi
2093;Saðlýk Bilimleri Fakültesi
2093;Týp Fakültesi
2024;Diþ Hekimliði Fakültesi
2024;Eczacýlýk Fakültesi
2024;Eðitim Fakültesi
2024;Fen-Edebiyat Fakültesi
2024;Güzel Sanatlar Fakültesi
2024;Hukuk Fakültesi
2024;Ýktisadi ve Ýdari Bilimler Fakültesi
2024;Ýletiþim Fakültesi
2024;Mimarlýk ve Tasarým Fakültesi
2024;Mühendislik Fakültesi
2024;Saðlýk Bilimleri Fakültesi
2024;Týp Fakültesi
2024;Uygulamalý Bilimler Fakültesi
2103;Diþ Hekimliði Fakültesi
2103;Fen-Edebiyat Fakültesi
2103;Güzel Sanatlar Fakültesi
2103;Hukuk Fakültesi
2103;Ýktisadi ve Ýdari Bilimler Fakültesi
2103;Ýletiþim Fakültesi
2103;Mühendislik-Mimarlýk Fakültesi
2103;Saðlýk Bilimleri Fakültesi
2025;Hukuk Fakültesi
2025;Ýletiþim Fakültesi
2025;Ýþletme Fakültesi
2025;Mimarlýk Fakültesi
2025;Mühendislik ve Doða Bilimleri Fakültesi
2025;Saðlýk Bilimleri Fakültesi
2025;Sosyal ve Beþeri Bilimler Fakültesi
2025;Uygulamalý Bilimler Fakültesi
2075;Ýþletme ve Yönetim Bilimleri Fakültesi
2075;Mühendislik ve Mimarlýk Fakültesi
2075;Saðlýk Bilimleri Fakültesi
2075;Sanat ve Sosyal Bilimler Fakültesi
2098;Diþ Hekimliði Fakültesi
2098;Mühendislik Fakültesi
2098;Saðlýk Bilimleri Fakültesi
2098;Sanat ve Sosyal Bilimler Fakültesi
2017;Hukuk Fakültesi
2017;Mimarlýk ve Tasarým Fakültesi
2017;Mühendislik Fakültesi
2017;Saðlýk Bilimleri Fakültesi
2027;Diþ Hekimliði Fakültesi
2027;Güzel Sanatlar Fakültesi
2027;Mühendislik-Mimarlýk Fakültesi
2027;Saðlýk Bilimleri Fakültesi
2027;Uygulamalý Bilimler Fakültesi
2087;Diþ Hekimliði Fakültesi
2087;Eczacýlýk Fakültesi
2087;Saðlýk Bilimleri Fakültesi
2087;Sanat ve Tasarým Fakültesi
2030;Eðitim Fakültesi
2030;Fen-Edebiyat Fakültesi
2030;Hukuk Fakültesi
2030;Ýktisadi ve Ýdari Bilimler Fakültesi
2030;Mimarlýk Fakültesi
2030;Mühendislik Fakültesi
2030;Saðlýk Bilimleri Fakültesi
2030;Sanat ve Tasarým Fakültesi
1054;Diþ Hekimliði Fakültesi
1054;Edebiyat Fakültesi
1054;Eðitim Bilimleri Fakültesi
1054;Hukuk Fakültesi
1054;Ýslami Ýlimler Fakültesi
1054;Mühendislik ve Doða Bilimleri Fakültesi
1054;Saðlýk Bilimleri Fakültesi
1054;Siyasal Bilgiler Fakültesi
1054;Týp Fakültesi
1054;Turizm Fakültesi
2031;Diþ Hekimliði Fakültesi
2031;Eczacýlýk Fakültesi
2031;Eðitim Fakültesi
2031;Güzel Sanatlar Tasarým ve Mimarlýk Fakültesi
2031;Hukuk Fakültesi
2031;Ýletiþim Fakültesi
2031;Ýnsan ve Toplum Bilimleri Fakültesi
2031;Ýþletme ve Yönetim Bilimleri Fakültesi
2031;Mühendislik ve Doða Bilimleri Fakültesi
2031;Saðlýk Bilimleri Fakültesi
2031;Saðlýk Bilimleri Yüksekokulu
2031;Týp Fakültesi
2031;Uluslararasý Týp Fakültesi
2104;Diþ Hekimliði Fakültesi
2104;Mühendislik-Mimarlýk Fakültesi
2104;Saðlýk Bilimleri Fakültesi
2104;Sanat ve Tasarým Fakültesi
2104;Sivil Havacýlýk Yüksekokulu
2104;Týp Fakültesi
2104;Uygulamalý Bilimler Yüksekokulu
2047;Diþ Hekimliði Fakültesi
2047;Eczacýlýk Fakültesi
2047;Eðitim Fakültesi
2047;Hukuk Fakültesi
2047;Ýnsan ve Toplum Bilimleri Fakültesi
2047;Ýþletme ve Yönetim Bilimleri Fakültesi
2047;Mühendislik ve Doða Bilimleri Fakültesi
2047;Saðlýk Bilimleri Fakültesi
2047;Týp Fakültesi
2047;Uygulamalý Bilimler Fakültesi
2081;Mühendislik ve Doða Bilimleri Fakültesi
2081;Saðlýk Bilimleri Fakültesi
2032;Eðitim Fakültesi
2032;Hukuk Fakültesi
2032;Ýnsan ve Toplum Bilimleri Fakültesi
2032;Ýslami Ýlimler Fakültesi
2032;Ýþletme ve Yönetim Bilimleri Fakültesi
2032;Mühendislik ve Doða Bilimleri Fakültesi
2032;Saðlýk Bilimleri Fakültesi
2094;Diþ Hekimliði Fakültesi
2094;Eczacýlýk Fakültesi
2094;Mühendislik ve Doða Bilimleri Fakültesi
2094;Saðlýk Bilimleri Fakültesi
2094;Týp Fakültesi
1055;Bilgisayar ve Biliþim Fakültesi
1055;Denizcilik Fakültesi
1055;Elektrik-Elektronik Fakültesi
1055;Fen-Edebiyat Fakültesi
1055;Gemi Ýnþaatý ve Deniz Bilimleri Fakültesi
1055;Ýnþaat Fakültesi
1055;Ýþletme Fakültesi
1055;ÝTÜ-KKTC Eðitim Araþtýrma Yerleþkesi (Gazimaðusa)
1055;Kimya-Metalurji Fakültesi
1055;Maden Fakültesi
1055;Makine Fakültesi
1055;Mimarlýk Fakültesi
1055;Tekstil Teknolojileri ve Tasarýmý Fakültesi
1055;Uçak ve Uzay Bilimleri Fakültesi
2034;Hukuk Fakültesi
2034;Ýletiþim Fakültesi
2034;Ýnsan ve Toplum Bilimleri Fakültesi
2034;Ýþletme Fakültesi
2034;Mimarlýk ve Tasarým Fakültesi
2034;Mühendislik Fakültesi
2050;Ýletiþim Fakültesi
2050;Ýnsan ve Toplum Bilimleri Fakültesi
2050;Mühendislik Fakültesi
2050;Saðlýk Bilimleri Fakültesi
1056;Açýk ve Uzaktan Eðitim Fakültesi
1056;Bilgisayar ve Biliþim Teknolojileri Fakültesi
1056;Diþ Hekimliði Fakültesi
1056;Eczacýlýk Fakültesi
1056;Edebiyat Fakültesi
1056;Fen Fakültesi
1056;Hemþirelik Fakültesi
1056;Hukuk Fakültesi
1056;Ýktisat Fakültesi
1056;Ýlahiyat Fakültesi
1056;Ýletiþim Fakültesi
1056;Ýstanbul Týp Fakültesi
1056;Ýþletme Fakültesi
1056;Mimarlýk Fakültesi
1056;Siyasal Bilgiler Fakültesi
1056;Su Bilimleri Fakültesi
1056;Ulaþtýrma ve Lojistik Fakültesi
1116;Cerrahpaþa Týp Fakültesi
1116;Diþ Hekimliði Fakültesi
1116;Eczacýlýk Fakültesi
1116;Florence Nightingale Hemþirelik Fakültesi
1116;Hasan Ali Yücel Eðitim Fakültesi
1116;Mühendislik Fakültesi
1116;Orman Fakültesi
1116;Saðlýk Bilimleri Fakültesi
1116;Spor Bilimleri Fakültesi
1116;Veteriner Fakültesi
2062;Diþ Hekimliði Fakültesi
2062;Eczacýlýk Fakültesi
2062;Fen-Edebiyat Fakültesi
2062;Hukuk Fakültesi
2062;Ýktisadi ve Ýdari Bilimler Fakültesi
2062;Ýletiþim Fakültesi
2062;Mühendislik-Mimarlýk Fakültesi
2062;Saðlýk Bilimleri Fakültesi
2062;Spor Bilimleri Fakültesi
2062;Týp Fakültesi
2084;Diþ Hekimliði Fakültesi
2084;Eczacýlýk Fakültesi
2084;Güzel Sanatlar Tasarým ve Mimarlýk Fakültesi
2084;Ýletiþim Fakültesi
2084;Ýnsan ve Toplum Bilimleri Fakültesi
2084;Mühendislik ve Doða Bilimleri Fakültesi
2084;Saðlýk Bilimleri Fakültesi
2084;Týp Fakültesi
1129;Hukuk Fakültesi
1129;Ýktisadi ve Ýdari Bilimler Fakültesi
1129;Ýnsan ve Toplum Bilimleri Fakültesi
1129;Mühendislik ve Mimarlýk Fakültesi
1129;Saðlýk Bilimleri Fakültesi
1129;Týp Fakültesi
1111;Diþ Hekimliði Fakültesi
1111;Eðitim Fakültesi
1111;Fen-Edebiyat Fakültesi
1111;Hukuk Fakültesi
1111;Ýktisadi ve Ýdari Bilimler Fakültesi
1111;Mimarlýk Fakültesi
1111;Mühendislik Fakültesi
1111;Saðlýk Bilimleri Fakültesi
1111;Týp Fakültesi
2035;Fen-Edebiyat Fakültesi
2035;Güzel Sanatlar ve Tasarým Fakültesi
2035;Hukuk Fakültesi
2035;Ýletiþim Fakültesi
2035;Ýþletme Fakültesi
2035;Mühendislik Fakültesi
2035;Saðlýk Bilimleri Fakültesi
2035;Uygulamalý Yönetim Bilimleri Yüksekokulu
1057;Diþ Hekimliði Fakültesi
1057;Eczacýlýk Fakültesi
1057;Gemi Ýnþaatý ve Denizcilik Fakültesi
1057;Hukuk Fakültesi
1057;Ýktisadi ve Ýdari Bilimler Fakültesi
1057;Ýlahiyat Fakültesi
1057;Mühendislik ve Mimarlýk Fakültesi
1057;Orman Fakültesi
1057;Saðlýk Bilimleri Fakültesi
1057;Sanat ve Tasarým Fakültesi
1057;Sosyal ve Beþeri Bilimler Fakültesi
1057;Su Ürünleri Fakültesi
1057;Týp Fakültesi
1057;Turizm Fakültesi
2096;Diþ Hekimliði Fakültesi
2096;Saðlýk Bilimleri Fakültesi
2096;Týp Fakültesi
1058;Fen Fakültesi
1058;Mimarlýk Fakültesi
1058;Mühendislik Fakültesi
2037;Hukuk Fakültesi
2037;Ýletiþim Fakültesi
2037;Mühendislik ve Doða Bilimleri Fakültesi
2037;Sanat ve Tasarým Fakültesi
1059;Dede Korkut Eðitim Fakültesi
1059;Diþ Hekimliði Fakültesi
1059;Fen-Edebiyat Fakültesi
1059;Ýktisadi ve Ýdari Bilimler Fakültesi
1059;Ýlahiyat Fakültesi
1059;Kaðýzman Uygulamalý Bilimler Yüksekokulu
1059;Mühendislik-Mimarlýk Fakültesi
1059;Saðlýk Bilimleri Fakültesi
1059;Sarýkamýþ Turizm Fakültesi
1059;Týp Fakültesi
1059;Veteriner Fakültesi
1122;Ýletiþim Fakültesi
1122;Ýnsan ve Toplum Bilimleri Fakültesi
1122;Ýslami Ýlimler Fakültesi (Türkoðlu)
1122;Saðlýk Bilimleri Fakültesi
1122;Turizm Fakültesi
1060;Afþin Saðlýk Yüksekokulu
1060;Diþ Hekimliði Fakültesi
1060;Eðitim Fakültesi
1060;Fen Fakültesi
1060;Göksun Uygulamalý Bilimler Yüksekokulu
1060;Güzel Sanatlar Fakültesi
1060;Ýktisadi ve Ýdari Bilimler Fakültesi
1060;Ýlahiyat Fakültesi
1060;Ýnsan ve Toplum Bilimleri Fakültesi
1060;Mühendislik-Mimarlýk Fakültesi
1060;Orman Fakültesi
1060;Saðlýk Bilimleri Fakültesi
1060;Spor Bilimleri Fakültesi
1060;Týp Fakültesi
1060;Ziraat Fakültesi
2038;Beþeri Bilimler Fakültesi
2038;Diþ Hekimliði Fakültesi
2038;Saðlýk Bilimleri Yüksekokulu
2038;Uygulamalý Bilimler Yüksekokulu
1061;Diþ Hekimliði Fakültesi
1061;Edebiyat Fakültesi
1061;Fen Fakültesi
1061;Hasan Doðan Spor Bilimleri Fakültesi
1061;Ýktisadi ve Ýdari Bilimler Fakültesi
1061;Ýlahiyat Fakültesi
1061;Ýþletme Fakültesi
1061;Mühendislik Fakültesi
1061;Orman Fakültesi
1061;Safranbolu Baþak Cengiz Mimarlýk Fakültesi
1061;Safranbolu Fethi Toker Güzel Sanatlar ve Tasarým Fakültesi
1061;Safranbolu Turizm Fakültesi
1061;Saðlýk Bilimleri Fakültesi
1061;Týp Fakültesi
1061;Türker Ýnanoðlu Ýletiþim Fakültesi
1062;Diþ Hekimliði Fakültesi
1062;Eczacýlýk Fakültesi
1062;Edebiyat Fakültesi
1062;Fen Fakültesi
1062;Ýktisadi ve Ýdari Bilimler Fakültesi
1062;Mimarlýk Fakültesi
1062;Mühendislik Fakültesi
1062;Of Teknoloji Fakültesi
1062;Orman Fakültesi
1062;Saðlýk Bilimleri Fakültesi
1062;Sürmene Deniz Bilimleri Fakültesi
1062;Týp Fakültesi
1063;Ahmet Keleþoðlu Diþ Hekimliði Fakültesi
1063;Edebiyat Fakültesi
1063;Eðitim Fakültesi
1063;Ýktisadi ve Ýdari Bilimler Fakültesi
1063;Ýslami Ýlimler Fakültesi
1063;Kamil Özdað Fen Fakültesi
1063;Mühendislik Fakültesi
1063;Saðlýk Bilimleri Fakültesi
1063;Týp Fakültesi
1063;Uygulamalý Bilimler Fakültesi
1064;Eðitim Fakültesi
1064;Fen Fakültesi
1064;Ýktisadi ve Ýdari Bilimler Fakültesi
1064;Ýlahiyat Fakültesi
1064;Ýletiþim Fakültesi
1064;Ýnsan ve Toplum Bilimleri Fakültesi
1064;Mühendislik ve Mimarlýk Fakültesi
1064;Orman Fakültesi
1064;Saðlýk Bilimleri Fakültesi
1064;Sivil Havacýlýk Yüksekokulu
1064;Týp Fakültesi
1064;Turizm Fakültesi
1064;Veteriner Fakültesi
1123;Develi Ýslami Ýlimler Fakültesi
1123;Develi Sosyal ve Beþeri Bilimler Fakültesi
1123;Saðlýk Bilimleri Fakültesi
1123;Uygulamalý Bilimler Fakültesi
3009;Güzel Sanatlar Fakültesi
3009;Ýþletme ve Ekonomi Fakültesi
3009;Siyasal Bilgiler Fakültesi
3015;Mühendislik ve Mimarlýk Fakültesi
3008;Eðitim Fakültesi
3008;Güzel Sanatlar ve Tasarým Fakültesi
3008;Hukuk Fakültesi
3008;Mühendislik Fakültesi
3008;Saðlýk Bilimleri Fakültesi
3008;Turizm Fakültesi
3012;Diþ Hekimliði Fakültesi
3012;Saðlýk Bilimleri Fakültesi
3012;Sosyal ve Beþeri Bilimler Fakültesi
4052;Edebiyat Fakültesi
4052;Fen Fakültesi
4052;Ýktisadi ve Ýdari Bilimler Fakültesi
4052;Ýlahiyat Fakültesi
4052;Ýletiþim Fakültesi
4052;Mühendislik Fakültesi
4052;Turizm Fakültesi
4052;Veteriner Fakültesi
4052;Ziraat Fakültesi
1066;Diþ Hekimliði Fakültesi
1066;Eðitim Fakültesi
1066;Güzel Sanatlar Fakültesi
1066;Hukuk Fakültesi
1066;Ýktisadi ve Ýdari Bilimler Fakültesi
1066;Ýnsan ve Toplum Bilimleri Fakültesi
1066;Ýslami Ýlimler Fakültesi
1066;Mühendislik ve Doða Bilimleri Fakültesi
1066;Saðlýk Bilimleri Fakültesi
1066;Spor Bilimleri Fakültesi
1066;Týp Fakültesi
1066;Veteriner Fakültesi
1067;Fen-Edebiyat Fakültesi
1067;Hukuk Fakültesi
1067;Ýktisadi ve Ýdari Bilimler Fakültesi
1067;Ýlahiyat Fakültesi
1067;Mimarlýk Fakültesi
1067;Mühendislik Fakültesi
1067;Saðlýk Bilimleri Fakültesi
1067;Teknoloji Fakültesi
1067;Týp Fakültesi
1067;Turizm Fakültesi
1067;Uygulamalý Bilimler Fakültesi (Lüleburgaz)
1006;Eðitim Fakültesi
1006;Fen-Edebiyat Fakültesi
1006;Fizik Tedavi ve Rehabilitasyon Yüksekokulu
1006;Ýktisadi ve Ýdari Bilimler Fakültesi
1006;Ýlahiyat Fakültesi
1006;Kaman Uygulamalý Bilimler Yüksekokulu
1006;Mühendislik-Mimarlýk Fakültesi
1006;Saðlýk Bilimleri Fakültesi
1006;Týp Fakültesi
1006;Ziraat Fakültesi
1068;Fen Fakültesi
1068;Ýktisadi ve Ýdari Bilimler Fakültesi
1068;Ýlahiyat Fakültesi
1068;Ýnsan ve Toplum Bilimleri Fakültesi
1068;Kilisli Muallim Rýfat Eðitim Fakültesi
1068;Mühendislik-Mimarlýk Fakültesi
1068;Yusuf Þerefoðlu Saðlýk Bilimleri Fakültesi
1068;Ziraat Fakültesi
2097;Diþ Hekimliði Fakültesi
2097;Eczacýlýk Fakültesi
2097;Mühendislik ve Doða Bilimleri Fakültesi
2097;Saðlýk Bilimleri Fakültesi
2097;Sosyal ve Beþeri Bilimler Fakültesi
1069;Denizcilik Fakültesi
1069;Diþ Hekimliði Fakültesi
1069;Eðitim Fakültesi
1069;Fen-Edebiyat Fakültesi
1069;Havacýlýk ve Uzay Bilimleri Fakültesi
1069;Hukuk Fakültesi
1069;Ýlahiyat Fakültesi
1069;Ýletiþim Fakültesi
1069;Ýþletme Fakültesi
1069;Mimarlýk ve Tasarým Fakültesi
1069;Mühendislik Fakültesi
1069;Saðlýk Bilimleri Fakültesi
1069;Siyasal Bilgiler Fakültesi
1069;Teknoloji Fakültesi
1069;Týp Fakültesi
1069;Turizm Fakültesi
1069;Ziraat Fakültesi
2039;Fen Fakültesi
2039;Hemþirelik Fakültesi
2039;Hukuk Fakültesi
2039;Ýktisadi ve Ýdari Bilimler Fakültesi
2039;Ýnsani Bilimler ve Edebiyat Fakültesi
2039;Mühendislik Fakültesi
2039;Týp Fakültesi
2083;Mühendislik ve Mimarlýk Fakültesi
2083;Sosyal ve Beþeri Bilimler Fakültesi
2083;Tarým ve Doða Bilimleri Fakültesi
1113;Mimarlýk ve Tasarým Fakültesi
1113;Mühendislik ve Doða Bilimleri Fakültesi
2040;Güzel Sanatlar ve Tasarým Fakültesi
2040;Hukuk Fakültesi
2040;Mühendislik ve Doða Bilimleri Fakültesi
2040;Saðlýk Bilimleri Fakültesi
2040;Týp Fakültesi
2040;Uygulamalý Bilimler Yüksekokulu
1032;Eðitim Fakültesi
1032;Fen-Edebiyat Fakültesi
1032;Güzel Sanatlar Fakültesi
1032;Ýktisadi ve Ýdari Bilimler Fakültesi
1032;Ýslami Ýlimler Fakültesi
1032;Kütahya Uygulamalý Bilimler Fakültesi
1032;Mimarlýk Fakültesi
1032;Mühendislik Fakültesi
1032;Simav Teknoloji Fakültesi
1032;Tavþanlý Uygulamalý Bilimler Fakültesi
1114;Diþ Hekimliði Fakültesi
1114;Mühendislik ve Doða Bilimleri Fakültesi
1114;Saðlýk Bilimleri Fakültesi
1114;Týp Fakültesi
3003;Diþ Hekimliði Fakültesi
3003;Dr. Fazýl Küçük Eðitim Fakültesi
3003;Fen ve Edebiyat Fakültesi
3003;Hemþirelik Yüksekokulu
3003;Hukuk Fakültesi
3003;Ýktisadi ve Ýdari Bilimler Fakültesi
3003;Ýletiþim Bilimleri Fakültesi
3003;Mimarlýk Fakültesi
3003;Mühendislik Fakültesi
3003;Saðlýk Bilimleri Fakültesi
3003;Tarým Bilimleri ve Teknolojileri Fakültesi
3003;Turizm ve Otel Ýþletmeciliði Yüksekokulu
3003;Uygulamalý Bilimler Yüksekokulu
2088;Diþ Hekimliði Fakültesi
2088;Eczacýlýk Fakültesi
2088;Saðlýk Bilimleri Fakültesi
2088;Týp Fakültesi
1115;Mühendislik ve Doða Bilimleri Fakültesi
1115;Saðlýk Bilimleri Fakültesi
1115;Sivil Havacýlýk Yüksekokulu
1115;Sosyal ve Beþeri Bilimler Fakültesi
1115;Týp Fakültesi
1115;Ziraat Fakültesi
2041;Eðitim Fakültesi
2041;Güzel Sanatlar Fakültesi
2041;Hemþirelik Yüksekokulu
2041;Hukuk Fakültesi
2041;Ýletiþim Fakültesi
2041;Ýnsan ve Toplum Bilimleri Fakültesi
2041;Ýþletme ve Yönetim Bilimleri Fakültesi
2041;Mimarlýk ve Tasarým Fakültesi
2041;Mühendislik ve Doða Bilimleri Fakültesi
2041;Týp Fakültesi
1025;Eðitim Fakültesi (Demirci)
1025;Güzel Sanatlar Tasarým ve Mimarlýk Fakültesi
1025;Hasan Ferdi Turgutlu Teknoloji Fakültesi
1025;Ýktisadi ve Ýdari Bilimler Fakültesi
1025;Ýlahiyat Fakültesi
1025;Ýletiþim Fakültesi
1025;Ýnsan ve Toplum Bilimleri Fakültesi
1025;Ýþletme Fakültesi
1025;Mühendislik ve Doða Bilimleri Fakültesi
1025;Saðlýk Bilimleri Fakültesi
1025;Salihli Ýktisadi ve Ýdari Bilimler Fakültesi
1025;Týp Fakültesi
1025;Tütün Eksperliði Yüksekokulu
1025;Uygulamalý Bilimler Fakültesi
1071;Edebiyat Fakültesi
1071;Ýktisadi ve Ýdari Bilimler Fakültesi
1071;Ýslami Ýlimler Fakültesi
1071;Kýzýltepe Tarým Bilimleri ve Teknolojileri Fakültesi
1071;Midyat Sanat ve Tasarým Fakültesi
1071;Mühendislik-Mimarlýk Fakültesi
1071;Saðlýk Bilimleri Fakültesi
1071;Týp Fakültesi
1071;Turizm Fakültesi
1072;Atatürk Eðitim Fakültesi
1072;Diþ Hekimliði Fakültesi
1072;Eczacýlýk Fakültesi
1072;Fen Fakültesi
1072;Finansal Bilimler Fakültesi
1072;Güzel Sanatlar Fakültesi
1072;Hukuk Fakültesi
1072;Ýktisat Fakültesi
1072;Ýlahiyat Fakültesi
1072;Ýletiþim Fakültesi
1072;Ýnsan ve Toplum Bilimleri Fakültesi
1072;Ýþletme Fakültesi
1072;Mimarlýk ve Tasarým Fakültesi
1072;Mühendislik Fakültesi
1072;Saðlýk Bilimleri Fakültesi
1072;Siyasal Bilgiler Fakültesi
1072;Teknoloji Fakültesi
1072;Týp Fakültesi
1072;Uygulamalý Bilimler Fakültesi
2072;Hukuk Fakültesi
2072;Mühendislik Fakültesi
1074;Denizcilik Fakültesi
1074;Diþ Hekimliði Fakültesi
1074;Eczacýlýk Fakültesi
1074;Eðitim Fakültesi
1074;Erdemli Uygulamalý Teknoloji ve Ýþletmecilik Yüksekokulu
1074;Fen Fakültesi
1074;Hemþirelik Fakültesi
1074;Ýktisadi ve Ýdari Bilimler Fakültesi
1074;Ýlahiyat Fakültesi
1074;Ýletiþim Fakültesi
1074;Ýnsan ve Toplum Bilimleri Fakültesi
1074;Mimarlýk Fakültesi
1074;Mühendislik Fakültesi
1074;Saðlýk Bilimleri Fakültesi
1074;Silifke Uygulamalý Teknoloji ve Ýþletmecilik Yüksekokulu
1074;Su Ürünleri Fakültesi
1074;Taký Teknolojisi ve Tasarýmý Yüksekokulu
1074;Týp Fakültesi
1074;Turizm Fakültesi
1075;Fen-Edebiyat Fakültesi
1075;Güzel Sanatlar Fakültesi
1075;Kültür Varlýklarýný Koruma ve Onarým Yüksekokulu
1075;Mimarlýk Fakültesi
2100;Saðlýk Bilimleri Fakültesi
2100;Sanat ve Sosyal Bilimler Fakültesi
1076;Bodrum Güzel Sanatlar Fakültesi
1076;Dalaman Sivil Havacýlýk Yüksekokulu
1076;Diþ Hekimliði Fakültesi
1076;Edebiyat Fakültesi
1076;Eðitim Fakültesi
1076;Fen Fakültesi
1076;Fethiye Ýþletme Fakültesi
1076;Fethiye Saðlýk Bilimleri Fakültesi
1076;Fethiye Ziraat Fakültesi
1076;Ýktisadi ve Ýdari Bilimler Fakültesi
1076;Ýlahiyat Fakültesi
1076;Milas Veteriner Fakültesi
1076;Mimarlýk Fakültesi
1076;Mühendislik Fakültesi
1076;Saðlýk Bilimleri Fakültesi
1076;Seydikemer Uygulamalý Bilimler Yüksekokulu
1076;Su Ürünleri Fakültesi
1076;Teknoloji Fakültesi
1076;Týp Fakültesi
1076;Turizm Fakültesi
1095;Edebiyat Fakültesi
1095;Ýktisadi ve Ýdari Bilimler Fakültesi
1095;Ýletiþim Fakültesi
1095;Mühendislik Fakültesi
1095;Saðlýk Bilimleri Fakültesi
1095;Su Ürünleri Fakültesi
1078;Eðitim Fakültesi
1078;Fen-Edebiyat Fakültesi
1078;Ýktisadi ve Ýdari Bilimler Fakültesi
1078;Ýletiþim Fakültesi
1078;Ýslami Ýlimler Fakültesi
1078;Mühendislik-Mimarlýk Fakültesi
1078;Saðlýk Bilimleri Fakültesi
1078;Uygulamalý Bilimler Fakültesi
1070;Ahmet Keleþoðlu Eðitim Fakültesi
1070;Ahmet Keleþoðlu Ýlahiyat Fakültesi
1070;Diþ Hekimliði Fakültesi
1070;Ereðli Eðitim Fakültesi
1070;Ereðli Ziraat Fakültesi
1070;Fen Fakültesi
1070;Güzel Sanatlar ve Mimarlýk Fakültesi
1070;Havacýlýk ve Uzay Bilimleri Fakültesi
1070;Hemþirelik Fakültesi
1070;Hukuk Fakültesi
1070;Mühendislik Fakültesi
1070;Nezahat Keleþoðlu Saðlýk Bilimleri Fakültesi
1070;Seydiþehir Ahmet Cengiz Mühendislik Fakültesi
1070;Seydiþehir Kamil Akkanat Saðlýk Bilimleri Fakültesi
1070;Siyasal Bilgiler Fakültesi
1070;Sosyal ve Beþeri Bilimler Fakültesi
1070;Týp Fakültesi
1070;Turizm Fakültesi
1070;Uygulamalý Bilimler Fakültesi
1070;Veteriner Fakültesi (Ereðli)
1080;Diþ Hekimliði Fakültesi
1080;Eðitim Fakültesi
1080;Fen-Edebiyat Fakültesi
1080;Güzel Sanatlar Fakültesi (Hacýbektaþ)
1080;Ýktisadi ve Ýdari Bilimler Fakültesi
1080;Ýlahiyat Fakültesi
1080;Mühendislik-Mimarlýk Fakültesi
1080;Semra ve Vefa Küçük Saðlýk Bilimleri Fakültesi
1080;Turizm Fakültesi
1081;Bor Saðlýk Bilimleri Fakültesi
1081;Diþ Hekimliði Fakültesi
1081;Eðitim Fakültesi
1081;Fen Fakültesi
1081;Güzel Sanatlar Fakültesi
1081;Ýktisadi ve Ýdari Bilimler Fakültesi
1081;Ýletiþim Fakültesi
1081;Ýnsan ve Toplum Bilimleri Fakültesi
1081;Ýslami Ýlimler Fakültesi
1081;Mimarlýk Fakültesi
1081;Mühendislik Fakültesi
1081;Spor Bilimleri Fakültesi
1081;Tarým Bilimleri ve Teknolojileri Fakültesi
1081;Týp Fakültesi
1081;Zübeyde Haným Saðlýk Bilimleri Fakültesi
2046;Diþ Hekimliði Fakültesi
2046;Fen-Edebiyat Fakültesi
2046;Güzel Sanatlar ve Tasarým Fakültesi
2046;Hukuk Fakültesi
2046;Ýktisadi ve Ýdari Bilimler Fakültesi
2046;Mühendislik Fakültesi
2046;Saðlýk Bilimleri Fakültesi
1082;Ali Fuad Baþgil Hukuk Fakültesi (Çarþamba)
1082;Bafra Ýþletme Fakültesi
1082;Çarþamba Ýnsan ve Toplum Bilimleri Fakültesi
1082;Diþ Hekimliði Fakültesi
1082;Eczacýlýk Fakültesi
1082;Eðitim Fakültesi
1082;Fen Fakültesi
1082;Güzel Sanatlar Fakültesi
1082;Ýktisadi ve Ýdari Bilimler Fakültesi
1082;Ýlahiyat Fakültesi
1082;Ýletiþim Fakültesi (Çarþamba)
1082;Ýnsan ve Toplum Bilimleri Fakültesi
1082;Mimarlýk Fakültesi
1082;Mühendislik Fakültesi
1082;Saðlýk Bilimleri Fakültesi
1082;Týp Fakültesi
1082;Turizm Fakültesi (Bafra)
1082;Veteriner Fakültesi
1082;Ziraat Fakültesi
1083;Diþ Hekimliði Fakültesi
1083;Eðitim Fakültesi
1083;Fatsa Deniz Bilimleri Fakültesi
1083;Fen-Edebiyat Fakültesi
1083;Ýlahiyat Fakültesi
1083;Saðlýk Bilimleri Fakültesi
1083;Týp Fakültesi
1083;Turizm Fakültesi
1083;Ünye Ýktisadi ve Ýdari Bilimler Fakültesi
1083;Ziraat Fakültesi
1084;Eðitim Fakültesi
1084;Fen-Edebiyat Fakültesi
1084;Ýktisadi ve Ýdari Bilimler Fakültesi
1084;Mimarlýk Fakültesi
1084;Mühendislik Fakültesi
1084;ODTÜ Kuzey Kýbrýs Kampusu (KKTC-Güzelyurt)
1085;Beden Eðitimi ve Spor Yüksekokulu
1085;Ýktisadi ve Ýdari Bilimler Fakültesi
1085;Ýlahiyat Fakültesi
1085;Ýnsan ve Toplum Bilimleri Fakültesi
1085;Kadirli Sosyal ve Beþeri Bilimler Fakültesi
1085;Kadirli Uygulamalý Bilimler Fakültesi
1085;Mühendislik ve Doða Bilimleri Fakültesi
1085;Saðlýk Bilimleri Fakültesi
2091;Ýktisadi ve Ýdari Bilimler Fakültesi
2091;Mimarlýk ve Tasarým Fakültesi
2091;Mühendislik Fakültesi
2048;Havacýlýk ve Uzay Bilimleri Fakültesi
2048;Hukuk Fakültesi
2048;Ýþletme Fakültesi
2048;Mimarlýk ve Tasarým Fakültesi
2048;Mühendislik Fakültesi
2048;Sosyal Bilimler Fakültesi
2048;Uygulamalý Bilimler Fakültesi
1086;Diþ Hekimliði Fakültesi
1086;Eðitim Fakültesi
1086;Fen Fakültesi
1086;Fizyoterapi ve Rehabilitasyon Fakültesi
1086;Hukuk Fakültesi
1086;Ýktisadi ve Ýdari Bilimler Fakültesi
1086;Ýlahiyat Fakültesi
1086;Ýletiþim Fakültesi
1086;Ýnsan ve Toplum Bilimleri Fakültesi
1086;Mimarlýk ve Tasarým Fakültesi
1086;Mühendislik Fakültesi
1086;Saðlýk Bilimleri Fakültesi
1086;Teknoloji Fakültesi
1086;Týp Fakültesi
1086;Turizm Fakültesi
1086;Uygulamalý Bilimler Fakültesi (Çivril)
1086;Ziraat Fakültesi (Çivril)
2049;Denizcilik Fakültesi
2049;Hukuk Fakültesi
2049;Ýktisadi ve Ýdari Bilimler Fakültesi
2049;Mühendislik Fakültesi
3018;Ýþletme ve Ekonomi Fakültesi
3018;Mimarlýk ve Mühendislik Fakültesi
1087;Ardeþen Turizm Fakültesi
1087;Diþ Hekimliði Fakültesi
1087;Eðitim Fakültesi (Çayeli)
1087;Fen-Edebiyat Fakültesi
1087;Fýndýklý Uygulamalý Bilimler Yüksekokulu
1087;Güneysu Fizik Tedavi ve Rehabilitasyon Yüksekokulu
1087;Hukuk Fakültesi
1087;Ýktisadi ve Ýdari Bilimler Fakültesi
1087;Ýlahiyat Fakültesi
1087;Mühendislik ve Mimarlýk Fakültesi
1087;Saðlýk Bilimleri Fakültesi
1087;Su Ürünleri Fakültesi
1087;Týp Fakültesi
1087;Turgut Kýran Denizcilik Fakültesi
1087;Ziraat Fakültesi (Pazar)
2051;Mühendislik ve Doða Bilimleri Fakültesi
2051;Sanat ve Sosyal Bilimler Fakültesi
2051;Yönetim Bilimleri Fakültesi
1110;Adana Týp Fakültesi
1110;Bursa Týp Fakültesi
1110;Erzurum Týp Fakültesi
1110;Gülhane Diþ Hekimliði Fakültesi (Ankara)
1110;Gülhane Eczacýlýk Fakültesi (Ankara)
1110;Gülhane Fizyoterapi ve Rehabilitasyon Fakültesi
1110;Gülhane Hemþirelik Fakültesi
1110;Gülhane Saðlýk Bilimleri Fakültesi
1110;Gülhane Týp Fakültesi
1110;Hamidiye Diþ Hekimliði Fakültesi
1110;Hamidiye Eczacýlýk Fakültesi
1110;Hamidiye Hemþirelik Fakültesi
1110;Hamidiye Saðlýk Bilimleri Fakültesi
1110;Hamidiye Týp Fakültesi
1110;Hamidiye Uluslararasý Týp Fakültesi
1110;Hamidiye Yaþam Bilimleri Fakültesi
1110;Ýzmir Týp Fakültesi
1110;Kayseri Týp Fakültesi
1110;Trabzon Týp Fakültesi
1118;Saðlýk Bilimleri Fakültesi (Akyazý)
1118;Spor Bilimleri Fakültesi
1118;Teknoloji Fakültesi
1118;Turizm Fakültesi (Sapanca)
1118;Uygulamalý Bilimler Fakültesi (Kaynarca)
1118;Ziraat Fakültesi
1088;Bilgisayar ve Biliþim Bilimleri Fakültesi
1088;Diþ Hekimliði Fakültesi
1088;Eðitim Fakültesi (Hendek)
1088;Fen Fakültesi
1088;Hukuk Fakültesi
1088;Ýlahiyat Fakültesi
1088;Ýletiþim Fakültesi
1088;Ýnsan ve Toplum Bilimleri Fakültesi
1088;Ýþletme Fakültesi
1088;Mühendislik Fakültesi
1088;Saðlýk Bilimleri Fakültesi
1088;Siyasal Bilgiler Fakültesi
1088;Týp Fakültesi
1127;Ýlahiyat Fakültesi
1127;Ýnsan ve Toplum Bilimleri Fakültesi
1127;Mimarlýk ve Tasarým Fakültesi
1127;Mühendislik ve Doða Bilimleri Fakültesi
1127;Özdemir Bayraktar Havacýlýk ve Uzay Bilimleri Fakültesi
1127;Sivil Havacýlýk Yüksekokulu
1127;Siyasal Bilgiler Fakültesi
1127;Týp Fakültesi
2077;Saðlýk Bilimleri Fakültesi
2077;Týp Fakültesi
1089;Akþehir Ýktisadi ve Ýdari Bilimler Fakültesi
1089;Akþehir Kadir Yallagöz Saðlýk Yüksekokulu
1089;Akþehir Mühendislik ve Mimarlýk Fakültesi
1089;Beyþehir Ali Akkanat Ýþletme Fakültesi
1089;Beyþehir Ali Akkanat Turizm Fakültesi
1089;Beyþehir Ali Akkanat Uygulamalý Bilimler Yüksekokulu
1089;Çumra Uygulamalý Bilimler Yüksekokulu
1089;Diþ Hekimliði Fakültesi
1089;Eczacýlýk Fakültesi
1089;Edebiyat Fakültesi
1089;Eðitim Fakültesi
1089;Fen Fakültesi
1089;Güzel Sanatlar Fakültesi
1089;Hemþirelik Fakültesi
1089;Hukuk Fakültesi
1089;Ýktisadi ve Ýdari Bilimler Fakültesi
1089;Ýlahiyat Fakültesi
1089;Ýletiþim Fakültesi
1089;Kulu Saðlýk Bilimleri Fakültesi
1089;Mimarlýk ve Tasarým Fakültesi
1089;Saðlýk Bilimleri Fakültesi
1089;Sivil Havacýlýk Yüksekokulu
1089;Teknoloji Fakültesi
1089;Týp Fakültesi
1089;Turizm Fakültesi
1089;Veteriner Fakültesi
1089;Ziraat Fakültesi
1090;Eðitim Fakültesi
1090;Fen-Edebiyat Fakültesi
1090;Güzel Sanatlar ve Tasarým Fakültesi
1090;Ýktisadi ve Ýdari Bilimler Fakültesi
1090;Ýlahiyat Fakültesi
1090;Mühendislik Fakültesi
1090;Saðlýk Bilimleri Fakültesi
1090;Týp Fakültesi
1090;Turizm Ýþletmeciliði ve Otelcilik Yüksekokulu
1090;Veteriner Fakültesi
1090;Ziraat Fakültesi
1091;Boyabat Ýktisadi ve Ýdari Bilimler Fakültesi
1091;Eðitim Fakültesi
1091;Fen-Edebiyat Fakültesi
1091;Ýlahiyat Fakültesi
1091;Mühendislik ve Mimarlýk Fakültesi
1091;Saðlýk Bilimleri Fakültesi
1091;Su Ürünleri Fakültesi
1091;Turizm Fakültesi
1119;Havacýlýk ve Uzay Bilimleri Fakültesi
1119;Mühendislik ve Doða Bilimleri Fakültesi
1119;Tarým Bilimleri ve Teknoloji Fakültesi
1026;Diþ Hekimliði Fakültesi
1026;Eczacýlýk Fakültesi
1026;Edebiyat Fakültesi
1026;Eðitim Fakültesi
1026;Fen Fakültesi
1026;Hukuk Fakültesi
1026;Ýktisadi ve Ýdari Bilimler Fakültesi
1026;Ýlahiyat Fakültesi
1026;Ýletiþim Fakültesi
1026;Mühendislik Fakültesi
1026;Saðlýk Bilimleri Fakültesi
1026;Suþehri Saðlýk Yüksekokulu
1026;Þarkýþla Uygulamalý Bilimler Yüksekokulu
1026;Teknoloji Fakültesi
1026;Týp Fakültesi
1026;Turizm Fakültesi
1026;Veteriner Fakültesi
1026;Zara Veysel Dursun Uygulamalý Bilimler Yüksekokulu
1092;Diþ Hekimliði Fakültesi
1092;Eczacýlýk Fakültesi
1092;Eðitim Fakültesi
1092;Hukuk Fakültesi
1092;Ýktisadi ve Ýdari Bilimler Fakültesi
1092;Ýlahiyat Fakültesi
1092;Ýletiþim Fakültesi
1092;Ýnsan ve Toplum Bilimleri Fakültesi
1092;Mimarlýk Fakültesi
1092;Mühendislik ve Doða Bilimleri Fakültesi
1092;Saðlýk Bilimleri Fakültesi
1092;Sivil Havacýlýk Yüksekokulu (Keçiborlu)
1092;Týp Fakültesi
1093;Ýktisadi ve Ýdari Bilimler Fakültesi
1093;Ýlahiyat Fakültesi
1093;Mühendislik Fakültesi
1093;Saðlýk Bilimleri Fakültesi
1093;Turizm ve Otel Ýþletmeciliði Yüksekokulu
1093;Ziraat Fakültesi
1120;Havacýlýk ve Uzay Bilimleri Fakültesi
1120;Ýktisadi ve Ýdari Bilimler Fakültesi
1120;Mühendislik Fakültesi
1120;Saðlýk Bilimleri Fakültesi
1120;Uygulamalý Bilimler Fakültesi
2067;Eðitim Fakültesi
2067;Fen-Edebiyat Fakültesi
2067;Ýktisadi ve Ýdari Bilimler Fakültesi
2067;Mimarlýk ve Tasarým Fakültesi
2067;Mühendislik Fakültesi
1079;Çorlu Mühendislik Fakültesi
1079;Fen-Edebiyat Fakültesi
1079;Hukuk Fakültesi
1079;Ýktisadi ve Ýdari Bilimler Fakültesi
1079;Ýlahiyat Fakültesi
1079;Saðlýk Bilimleri Fakültesi
1079;Týp Fakültesi
1079;Veteriner Fakültesi
1079;Ziraat Fakültesi
2054;Fen-Edebiyat Fakültesi
2054;Hukuk Fakültesi
2054;Ýktisadi ve Ýdari Bilimler Fakültesi
2054;Mimarlýk ve Tasarým Fakültesi
2054;Mühendislik Fakültesi
2054;Týp Fakültesi
1043;Diþ Hekimliði Fakültesi
1043;Eczacýlýk Fakültesi
1043;Eðitim Fakültesi
1043;Erbaa Saðlýk Bilimleri Fakültesi
1043;Erbaa Sosyal ve Beþeri Bilimler Fakültesi
1043;Fen-Edebiyat Fakültesi
1043;Hukuk Fakültesi
1043;Ýktisadi ve Ýdari Bilimler Fakültesi
1043;Ýslami Ýlimler Fakültesi
1043;Mühendislik ve Mimarlýk Fakültesi
1043;Niksar Uygulamalý Bilimler Fakültesi
1043;Saðlýk Bilimleri Fakültesi
1043;Týp Fakültesi
1043;Turhal Uygulamalý Bilimler Fakültesi
1043;Zile Dinçerler Turizm Ýþletmeciliði ve Otelcilik Yüksekokulu
1043;Ziraat Fakültesi
2055;Mühendislik Fakültesi
2055;Saðlýk Bilimleri Fakültesi
1121;Bilgisayar ve Biliþim Bilimleri Fakültesi
1121;Fatih Eðitim Fakültesi
1121;Hukuk Fakültesi
1121;Ýlahiyat Fakültesi
1121;Ýletiþim Fakültesi
1121;Ýnsan ve Toplum Bilimleri Fakültesi
1121;Siyasal Bilgiler Fakültesi
1121;Uygulamalý Bilimler Yüksekokulu
1094;Diþ Hekimliði Fakültesi
1094;Eczacýlýk Fakültesi
1094;Edebiyat Fakültesi
1094;Eðitim Fakültesi
1094;Fen Fakültesi
1094;Güzel Sanatlar Fakültesi
1094;Ýktisadi ve Ýdari Bilimler Fakültesi
1094;Ýlahiyat Fakültesi
1094;Keþan Hakký Yörük Saðlýk Yüksekokulu
1094;Keþan Yusuf Çapraz Uygulamalý Bilimler Yüksekokulu
1094;Mimarlýk Fakültesi
1094;Mühendislik Fakültesi
1094;Saðlýk Bilimleri Fakültesi
1094;Týp Fakültesi
1094;Uygulamalý Bilimler Fakültesi
1094;Uzunköprü Uygulamalý Bilimler Yüksekokulu
2057;Hava Ulaþtýrma Fakültesi
2057;Havacýlýk ve Uzay Bilimleri Fakültesi
2057;Ýþletme Fakültesi
2057;Mühendislik Fakültesi
1096;Fen Fakültesi
1096;Hukuk Fakültesi
1096;Ýktisadi ve Ýdari Bilimler Fakültesi
1096;Kültür ve Sosyal Bilimler Fakültesi
1096;Mühendislik Fakültesi
2058;Eðitim Fakültesi
2058;Fen-Edebiyat Fakültesi
2058;Hemþirelik Yüksekokulu
2058;Hukuk Fakültesi
2058;Ýktisadi ve Ýdari Bilimler Fakültesi
2058;Týp Fakültesi
4096;Diþ Hekimliði Fakültesi
4096;Eðitim Fakültesi
4096;Hukuk Fakültesi
4096;Ýktisadi ve Ýdari Bilimler Fakültesi
4096;Mühendislik Fakültesi
4096;Sanat ve Tasarým Fakültesi
4096;Sosyal ve Beþeri Bilimler Fakültesi
3013;Diþ Hekimliði Fakültesi
3013;Eðitim Bilimleri Fakültesi
3013;Fen-Edebiyat Fakültesi
3013;Hukuk Fakültesi
3013;Ýktisadi ve Ýdari Bilimler Fakültesi
3013;Mimarlýk ve Güzel Sanatlar Fakültesi
3013;Mühendislik Fakültesi
3013;Saðlýk Bilimleri Fakültesi
3013;Turizm ve Mutfak Sanatlarý Yüksekokulu
3004;Diþ Hekimliði Fakültesi
3004;Eczacýlýk Fakültesi
3004;Eðitim Fakültesi
3004;Fen-Edebiyat Fakültesi
3004;Güzel Sanatlar Tasarým ve Mimarlýk Fakültesi
3004;Hukuk Fakültesi
3004;Ýktisadi ve Ýdari Bilimler Fakültesi
3004;Ýletiþim Fakültesi
3004;Mühendislik Fakültesi
3004;Saðlýk Bilimleri Fakültesi
3004;Saðlýk Bilimleri Yüksekokulu
3004;Tarým Bilimleri ve Teknolojileri Fakültesi
3004;Turizm ve Otel Ýþletmeciliði Yüksekokulu
3004;Uygulamalý Bilimler Yüksekokulu
4088;Eðitim Fakültesi
4088;Ekonomi ve Yönetim Bilimleri Fakültesi
4088;Hukuk Fakültesi
4088;Mühendislik ve Doða Bilimleri Fakültesi
4088;Sanat ve Sosyal Bilimler Fakültesi
1098;Diþ Hekimliði Fakültesi
1098;Eðitim Fakültesi
1098;Güzel Sanatlar Fakültesi
1098;Ýktisadi ve Ýdari Bilimler Fakültesi
1098;Ýletiþim Fakültesi
1098;Ýnsan ve Toplum Bilimleri Fakültesi
1098;Ýslami Ýlimler Fakültesi
1098;Mimarlýk ve Tasarým Fakültesi
1098;Mühendislik ve Doða Bilimleri Fakültesi
1098;Saðlýk Bilimleri Fakültesi
1098;Spor Bilimleri Fakültesi
1098;Týp Fakültesi
1098;Uygulamalý Bilimler Fakültesi
1098;Ziraat Fakültesi
2065;Diþ Hekimliði Fakültesi
2065;Ýletiþim Fakültesi
2065;Ýnsan ve Toplum Bilimleri Fakültesi
2065;Mühendislik ve Doða Bilimleri Fakültesi
2065;Saðlýk Bilimleri Fakültesi
2065;Týp Fakültesi
1102;Beden Eðitimi ve Spor Yüksekokulu
1102;Diþ Hekimliði Fakültesi
1102;Eczacýlýk Fakültesi
1102;Edebiyat Fakültesi
1102;Eðitim Fakültesi
1102;Erciþ Ýþletme Fakültesi
1102;Fen Fakültesi
1102;Ýktisadi ve Ýdari Bilimler Fakültesi
1102;Ýlahiyat Fakültesi
1102;Mimarlýk ve Tasarým Fakültesi
1102;Mühendislik Fakültesi
1102;Saðlýk Bilimleri Fakültesi
1102;Su Ürünleri Fakültesi
1102;Týp Fakültesi
1102;Turizm Fakültesi
1102;Veteriner Fakültesi
1102;Ziraat Fakültesi
3005;Atatürk Eðitim Fakültesi
3005;Diþ Hekimliði Fakültesi
3005;Eczacýlýk Fakültesi
3005;Fen-Edebiyat Fakültesi
3005;Hemþirelik Fakültesi
3005;Hukuk Fakültesi
3005;Ýktisadi ve Ýdari Bilimler Fakültesi
3005;Ýlahiyat Fakültesi
3005;Ýletiþim Fakültesi
3005;Ýnþaat ve Çevre Mühendisliði Fakültesi
3005;Mimarlýk Fakültesi
3005;Mühendislik Fakültesi
3005;Saðlýk Bilimleri Fakültesi
3005;Týp Fakültesi
3005;Turizm ve Otelcilik Yüksekokulu
3005;Veteriner Fakültesi
3005;Ziraat Fakültesi
1099;Hukuk Fakültesi
1099;Ýnsan ve Toplum Bilimleri Fakültesi
1099;Ýslami Ýlimler Fakültesi
1099;Mühendislik Fakültesi
1099;Saðlýk Bilimleri Fakültesi
1099;Sanat ve Tasarým Fakültesi
1099;Týp Fakültesi
1099;Yalova Ýktisadi ve Ýdari Bilimler Fakültesi
2060;Hukuk Fakültesi
2060;Ýletiþim Fakültesi
2060;Ýnsan ve Toplum Bilimleri Fakültesi
2060;Ýþletme Fakültesi
2060;Mimarlýk Fakültesi
2060;Mühendislik Fakültesi
2060;Sanat ve Tasarým Fakültesi
2060;Tarým Bilimleri ve Teknolojileri Fakültesi
2060;Uygulamalý Bilimler Yüksekokulu
2061;Bilgisayar ve Biliþim Bilimleri Fakültesi
2061;Diþ Hekimliði Fakültesi
2061;Eczacýlýk Fakültesi
2061;Eðitim Fakültesi
2061;Fen-Edebiyat Fakültesi
2061;Güzel Sanatlar Fakültesi
2061;Hukuk Fakültesi
2061;Ýktisadi ve Ýdari Bilimler Fakültesi
2061;Ýletiþim Fakültesi
2061;Mimarlýk Fakültesi
2061;Mühendislik Fakültesi
2061;Saðlýk Bilimleri Fakültesi
2061;Týp Fakültesi
1101;Eðitim Fakültesi
1101;Elektrik-Elektronik Fakültesi
1101;Fen-Edebiyat Fakültesi
1101;Gemi Ýnþaatý ve Denizcilik Fakültesi
1101;Ýktisadi ve Ýdari Bilimler Fakültesi
1101;Ýnþaat Fakültesi
1101;Kimya-Metalurji Fakültesi
1101;Makine Fakültesi
1101;Mimarlýk Fakültesi
1101;Sanat ve Tasarým Fakültesi
1023;Akdaðmadeni Saðlýk Yüksekokulu
1023;Diþ Hekimliði Fakültesi
1023;Eðitim Fakültesi
1023;Fen-Edebiyat Fakültesi
1023;Hukuk Fakültesi
1023;Ýktisadi ve Ýdari Bilimler Fakültesi
1023;Ýlahiyat Fakültesi
1023;Ýletiþim Fakültesi
1023;Mühendislik-Mimarlýk Fakültesi
1023;Saðlýk Bilimleri Fakültesi
1023;Sarýkaya Fizyoterapi ve Rehabilitasyon Yüksekokulu
1023;Týp Fakültesi
1023;Veteriner Fakültesi
1023;Ziraat Fakültesi
2079;Saðlýk Bilimleri Fakültesi
2079;Týp Fakültesi
1103;Denizcilik Fakültesi
1103;Diþ Hekimliði Fakültesi
1103;Eczacýlýk Fakültesi
1103;Ereðli Eðitim Fakültesi
1103;Fen Fakültesi
1103;Ýktisadi ve Ýdari Bilimler Fakültesi
1103;Ýlahiyat Fakültesi
1103;Ýletiþim Fakültesi
1103;Ýnsan ve Toplum Bilimleri Fakültesi
1103;Karadeniz Ereðli Turizm Fakültesi
1103;Mühendislik Fakültesi
1103;Saðlýk Bilimleri Fakültesi
1103;Týp Fakültesi
1103;Uygulamalý Bilimler Yüksekokulu (Devrek)
;
;
;
;
;
;
;
;
;
;
;
;
;
;
;
;
;
;
;
;
;
;
;
;
;
;
;
;
;
;
;
;
;
;
;
;
;
;
;
;
;
;
;
;
;
;
;
;
;
;
;
;
;
;
;
;
;
;
;
;
;
;
;
;
;
;
;
;
;
;
;
;
;
;
;
;
;
;
;
;
;
;
;
;
;
;
;
;
;
;
;
;
;
;
;
;
;
;
;
;
;
;
;
;
;
;
;
;
;
;
;
;
;
;
;
;
;
;
;
;
;
;
;
;
;
;
;
;
;
;
;
;
;
;
;
;
;
;
;
;
;
;
;
;
;
;
;
;
;
;
;
;
;
;
;
;
;
;
;
;
;
;
;
;
;
;
;
;
;
;
;
;
;
;
;
;
;
;
;
;
;
;
;
;
;
;
;
;
;
;
;
;
;
;
;
;
;
;
;
;
;
;
;
;
;
;
;
;
;
;
;
;
;
;
;
;
;
;
;
;
;
;
;
;
;
;
;
;
;
;
;
;
;
;
;
;
;
;
;
;
;
;
;
;
;
;
;
;
;
;
;
;
;
;
;
;
;
;
;
;
;
;
;
;
;
;
;
;
;
;
;
;
;
;
;
;
;
;
;
;
;
;
;
;
;
;
;
;
;
;
;
;
;
;
;
;
;
;
;
;
;
;
;
;
;
;
;
;
;
;
;
;
;
;
;
;
;
;
;
;
;
;
;
;
;
;
;
;
;
;
;
;
;
;
;
;
;
;
;
;
;
;
;
;
;
;
;
;
;
;
;
;
;
;
;
;
;
;
;
;
;
;
;
;
;
;
;
;
;
;
;
;
;
;
;
;
;
;
;
;
;
;
;
;
;
;
;
;
;
;
;
;
;
;
;
;
;
;
;
;
;
;
;
;
;
;
;
;
;
;
;
;
;
;
;
;
;
;
;
;
;
;
;
;
;
;
;
;
;
;
;
;
;
;
;
;
;
;
;
;
;
;
;
;
;
;
;
;
;
;
;
;
;
;
;
;
;
;
;
;
;
;
;
;
;
;
;
;
;
;
;
;
;
;
;
;
;
;
;
;
;
;
;
;
;
;
;
;
;
;
;
;
;
;
;
;
;
;
;
;
;
;
;
;
;
;
;
;
;
;
;
;
;
;
;
;
;
;
;
;
;
;
;
;
;
;
;
;
;
;
;
;
;
;
;
;
;
;
;
;
;
;
;
;
;
;
;
;
;
;
;
;
;
;
;
;
;
;
;
;
;
;
;
;
;
;
;
;
;
;
;
;
;
;
;
;
;
;
;
;
;
;
;
;
;
;
;
;
;
;
;
;
;
;
;
;
;
;
;
;
;
;
;
;
;
;
;
;
;
;
;
;
;
;
;
;
;
;
;
;
;
;
;
;
;
;
;
;
;
;
;
;
;
;
;
;
;
;
;
;
;
;
;
;
;
;
;
;
;
;
;
;
;
;
;
;
;
;
;
;
;
;
;
;
;
;
;
;
;
;
;
;
;
;
;
;
;
;
;
;
;
;
;
;
;
;
;
;
;
;
;
;
;
;
;
;
;
;
;
;
;
;
;
;
;
;
;
;
;
;
;
;
;
;
;
;
;
;
;
;
;
;
;
;
;
;
;
;
;
;
;
;
;
;
;
;
;
;
;
;
;
;
;
;
;
;
;
;
;
;
;
;
;
;
;
;
;
;
;
;
;
;
;
;
;
;
;
;
;
;
;
;
;
;
;
;
;
;
;
;
;
;
;
;
;
;
;
;
;
;
;
;
;
;
;
;
;
;
;
;
;
;
;
;
;
;
;
;
;
;
;
;
;
;
;
;
;
;
;
;
;
;
;
;
;
;
;
;
;
;
;
;
;
;
;
;
;
;
;
;
;
;
;
;
;
;
;
;
;
;
;
;
;
;
;
;
;
;
;
;
;
;
;
;
;
;
;
;
;
;
;
;
;
;
;
;
;
;
;
;
;
;
;
;
;
;
;
;
;
;
;
;
;
;
;
;
;
;
;
;
;
;
;
;
;
;
;
;
;
;
;
;
;
;
;
;
;
;
;
;
;
;
;
;
;
;
;
;
;
;
;
;
;
;
;
;
;
;
;
;
;
;
;
;
;
;
;
;
;
;
;
;
;
;
;
;
;
;
;
;
;
;
;
;
;
;
;
;
;
;
;
;
;
;
;
;
;
;
;
;
;
;
;
;
;
;
;
;
;
;
;
;
;
;
;
;
;
;
;
;
;
;
;
;
;
;
;
;
;
;
;
;
;
;
;
;
;
;
;
;
;
;
;
;
;
;
;
;
;
;
;
;
;
;
;
;
;
;
;
;
;
;
;
;
;
;
;
;
;
;
;
;
;
;
;
;
;
;
;
;
;
;
;
;
;
;
;
;
;
;
;
;
;
;
;
;
;
;
;
;
;
;
;
;
;
;
;
;
;
;
;
;
;
;
;
;
;
;
;
;
;
;
;
;
;
;
;
;
;
;
;
;
;
;
;
;
;
;
;
;
;
;
;
;
;
;
;
;
;
;
;
;
;
;
;
;
;
;
;
;
;
;
;
;
;
;
;
;
;
;
;
;
;
;
;
;
;
;
;
;
;
;
;
;
;
;
;
;
;
;
;
;
;
;
;
;
;
;
;
;
;
;
;
;
;
;
;
;
;
;
;
;
;
;
;
;
;
;
;
;
;
;
;
;
;
;
;
;
;
;
;
;
;
;
;
;
;
;
;
;
;
;
;
;
;
;
;
;
;
;
;
;
;
;
;
;
;
;
;
;
;
;
;
;
;
;
;
;
;
;
;
;
;
;
;
;
;
;
;
;
;
;
;
;
;
;
;
;
;
;
;
;
;
;
;
;
;
;
;
;
;
;
;
;
;
;
;
;
;
;
;
;
;
;
;
;
;
;
;
;
;
;
;
;
;
;
;
;
;
;
;
;
;
;
;
;
;
;
;
;
;
;
;
;
;
;
;
;
;
;
;
;
;
;
;
;
;
;
;
;
;
;
;
;
;
;
;
;
;
;
;
;
;
;
;
;
;
;
;
;
;
;
;
;
;
;
;
;
;
;
;
;
;
;
;
;
;
;
;
;
;
;
;
;
;
;
;
;
;
;
;
;
;
;
;
;
;
;
;
;
;
;
;
;
;
;
;
;
;
;
;
;
;
;
;
;
;
;
;
;
;
;
;
;
;
;
;
;
;
;
;
;
;
;
;
;
;
;
;
;
;
;
;
;
;
;
;
;
;
;
;
;
;
;
;
;
;
;
;
;
;
;
;
;
;
;
;
;
;
;
;
;
;
;
;
;
;
;
;
;
;
;
;
;
;
;
;
;
;
;
;
;
;
;
;
;
;
;
;
;
;
;
;
;
;
;
;
;
;
;
;
;
;
;
;
;
;
;
;
;
;
;
;
;
;
;
;
;
;
;
;
;
;
;
;
;
;
;
;
;
;
;
;
;
;
;
;
;
;
;
;
;
;
;
;
;
;
;
;
;
;
;
;
;
;
;
;
;
;
;
;
;
;
;
;
;
;
;
;
;
;
;
;
;
;
;
;
;
;
;
;
;
;
;
;
;
;
;
;
;
;
;
;
;
;
;
;
;
;
;
;
;
;
;
;
;
;
;
;
;
;
;
;
;
;
;
;
;
;
;
;
;
;
;
;
;
;
;
;
;
;
;
;
;
;
;
;
;
;
;
;
;
;
;
;
;
;
;
;
;
;
;
;
;
;
;
;
;
;
;
;
;
;
;
;
;
;
;
;
;
;
;
;
;
;
;
;
;
;
;
;
;
;
;
;
;
;
;
;
;
;
;
;
;
;
;
;
;
;
;
;
;
;
;
;
;
;
;
;
;
;
;
;
;
;
;
;
;
;
;
;
;
;
;
;
;
;
;
;
;
;
;
;
;
;
;
;
;
;
;
;
;
;
;
;
;
;
;
;
;
;
;
;
;
;
;
;
;
;
;
;
;
;
;
;
;
;
;
;
;
;
;
;
;
;
;
;
;
;
;
;
;
;
;
;
;
;
;
;
;
;
;
;
;
;
;
;
;
;
;
;
;
;
;
;
;
;
;
;
;
;
;
;
;
;
;
;
;
;
;
;
;
;
;
;
;
;
;
;
;
;
;
;
;
;
;
;
;
;
;
;
;
;
;
;
;
;
;
;
;
;
;
;
;
;
;
;
;
;
;
;
;
;
;
;
;
;
;
;
;
;
;
;
;
;
;
;
;
;
;
;
;
;
;
;
;
;
;
;
;
;
;
;
;
;
;
;
;
;
;
;
;
;
;
;
;
;
;
;
;
;
;
;
;
;
;
;
;
;
;
;
;
;
;
;
;
;
;
;
;
;
;
;
;
;
;
;
;
;
;
;
;
;
;
;
;
;
;
;
;
;
;
;
;
;
;
;
;
;
;
;
;
;
;
;
;
;
;
;
;
;
;
;
;
;
;
;
;
;
;
;
;
;
;
;
;
;
;
;
;
;
;
;
;
;
;
;
;
;
;
;
;
;
;
;
;
;
;
;
;
;
;
;
;
;
;
;
;
;
;
;
;
;
;
;
;
;
;
;
;
;
;
;
;
;
;
;
;
;
;
;
;
;
;
;
;
;
;
;
;
;
;
;
;
;
;
;
;
;
;
;
;
;
;
;
;
;
;
;
;
;
;
;
;
;
;
;
;
;
;
;
;
;
;
;
;
;
;
;
;
;
;
;
;
;
;
;
;
;
;
;
;
;
;
;
;
;
;
;
;
;
;
;
;
;
;
;
;
;
;
;
;
;
;
;
;
;
;
;
;
;
;
;
;
;
;
;
;
;
;
;
;
;
;
;
;
;
;
;
;
;
;
;
;
;
;
;
;
;
;
;
;
;
;
;
;
;
;
;
;
;
;
;
;
;
;
;
;
;
;
;
;
;
;
;
;
;
;
;
;
;
;
;
;
;
;
;
;
;
;
;
;
;
;
;
;
;
;
;
;
;
;
;
;
;
;
;
;
;
;
;
;
;
;
;
;
;
;
;
;
;
;
;
;
;
;
;
;
;
;
;
;
;
;
;
;
;
;
;
;
;
;
;
;
;
;
;
;
;
;
;
;
;
;
;
;
;
;
;
;
;
;
;
;
;
;
;
;
;
;
;
;
;
;
;
;
;
;
;
;
;
;
;
;
;
;
;
;
;
;
;
;
;
;
;
;
;
;
;
;
;
;
;
;
;
;
;
;
;
;
;
;
;
;
;
;
;
;
;
;
;
;
;
;
;
;
;
;
;
;
;
;
;
;
;
;
;
;
;
;
;
;
;
;
;
;
;
;
;
;
;
;
;
;
;
;
;
;
;
;
;
;
;
;
;
;
;
;
;
;
;
;
;
;
;
;
;
;
;
;
;
;
;
;
;
;
;
;
;
;
;
;
;
;
;
;
;
;
;
;
;
;
;
;
;
;
;
;
;
;
;
;
;
;
;
;
;
;
;
;
;
;
;
;
;
;
;
;
;
;
;
;
;
;
;
;
;
;
;
;
;
;
;
;
;
;
;
;
;
;
;
;
;
;
;
;
;
;
;
;
;
;
;
;
;
;
;
;
;
;
;
;
;
;
;
;
;
;
;
;
;
;
;
;
;
;
;
;
;
;
;
;
;
;
;
;
;
;
;
;
;
;
;
;
;
;
;
;
;
;
;
;
;
;
;
;
;
;
;
;
;
;
;
;
;
;
;
;
;
;
;
;
;
;
;
;
;
;
;
;
;
;
;
;
;
;
;
;
;
;
;
;
;
;
;
;
;
;
;
;
;
;
;
;
;
;
;
;
;
;
;
;
;
;
;
;
;
;
;
;
;
;
;
;
;
;
;
;
;
;
;
;
;
;
;
;
;
;
;
;
;
;
;
;
;
;
;
;
;
;
;
;
;
;
;
;
;
;
;
;
;
;
;
;
;
;
;
;
;
;
;
;
;
;
;
;
;
;
;
;
;
;
;
;
;
;
;
;
;
;
;
;
;
;
;
;
;
;
;
;
;
;
;
;
;
;
;
;
;
;
;
;
;
;
;
;
;
;
;
;
;
;
;
;
;
;
;
;
;
;
;
;
;
;
;
;
;
;
;
;
;
;
;
;
;
;
;
;
;
;
;
;
;
;
;
;
;
;
;
;
;
;
;
;
;
;
;
;
;
;
;
;
;
;
;
;
;
;
;
;
;
;
;
;
;
;
;
;
;
;
;
;
;
;
;
;
;
;
;
;
;
;
;
;
;
;
;
;
;
;
;
;
;
;
;
;
;
;
;
;
;
;
;
;
;
;
;
;
;
;
;
;
;
;
;
;
;
;
;
;
;
;
;
;
;
;
;
;
;
;
;
;
;
;
;
;
;
;
;
;
;
;
;
;
;
;
;
;
;
;
;
;
;
;
;
;
;
;
;
;
;
;
;
;
;
;
;
;
;
;
;
;
;
;
;
;
;
;
;
;
;
;
;
;
;
;
;
;
;
;
;
;
;
;
;
;
;
;
;
;
;
;
;
;
;
;
;
;
;
;
;
;
;
;
;
;
;
;
;
;
;
;
;
;
;
;
;
;
;
;
;
;
;
;
;
;
;
;
;
;
;
;
;
;
;
;
;
;
;
;
;
;
;
;
;
;
;
;
;
;
;
;
;
;
;
;
;
;
;
;
;
;
;
;
;
;
;
;
;
;
;
;
;
;
;
;
;
;
;
;
;
;
;
;
;
;
;
;
;
;
;
;
;
;
;
;
;
;
;
;
;
;
;
;
;
;
;
;
;
;
;
;
;
;
;
;
;
;
;
;
;
;
;
;
;
;
;
;
;
;
;
;
;
;
;
;
;
;
;
;
;
;
;
;
;
;
;
;
;
;
;
;
;
;
;
;
;
;
;
;
;
;
;
;
;
;
;
;
;
;
;
;
;
;
;
;
;
;
;
;
;
;
;
;
;
;
;
;
;
;
;
;
;
;
;
;
;
;
;
;
;
;
;
;
;
;
;
;
;
;
;
;
;
;
;
;
;
;
;
;
;
;
;
;
;
;
;
;
;
;
;
;
;
;
;
;
;
;
;
;
;
;
;
;
;
;
;
;
;
;
;
;
;
;
;
;
;
;
;
;
;
;
;
;
;
;
;
;
;
;
;
;
;
;
;
;
;
;
;
;
;
;
;
;
;
;
;
;
;
;
;
;
;
;
;
;
;
;
;
;
;
;
;
;
;
;
;
;
;
;
;
;
;
;
;
;
;
;
;
;
;
;
;
;
;
;
;
;
;
;
;
;
;
;
;
;
;
;
;
;
;
;
;
;
;
;
;
;
;
;
;
;
;
;
;
;
;
;
;
;
;
;
;
;
;
;
;
;
;
;
;
;
;
;
;
;
;
;
;
;
;
;
;
;
;
;
;
;
;
;
;
;
;
;
;
;
;
;
;
;
;
;
;
;
;
;
;
;
;
;
;
;
;
;
;
;
;
;
;
;
;
;
;
;
;
;
;
;
;
;
;
;
;
;
;
;
;
;
;
;
;
;
;
;
;
;
;
;
;
;
;
;
;
;
;
;
;
;
;
;
;
;
;
;
;
;
;
;
;
;
;
;
;
;
;
;
;
;
;
;
;
;
;
;
;
;
;
;
;
;
;
;
;
;
;
;
;
;
;
;
;
;
;
;
;
;
;
;
;
;
;
;
;
;
;
;
;
;
;
;
;
;
;
;
;
;
;
;
;
;
;
;
;
;
;
;
;
;
;
;
;
;
;
;
;
;
;
;
;
;
;
;
;
;
;
;
;
;
;
;
;
;
;
;
;
;
;
;
;
;
;
;
;
;
;
;
;
;
;
;
;
;
;
;
;
;
;
;
;
;
;
;
;
;
;
;
;
;
;
;
;
;
;
;
;
;
;
;
;
;
;
;
;
;
;
;
;
;
;
;
;
;
;
;
;
;
;
;
;
;
;
;
;
;
;
;
;
;
;
;
;
;
;
;
;
;
;
;
;
;
;
;
;
;
;
;
;
;
;
;
;
;
;
;
;
;
;
;
;
;
;
;
;
;
;
;
;
;
;
;
;
;
;
;
;
;
;
;
;
;
;
;
;
;
;
;
;
;
;
;
;
;
;
;
;
;
;
;
;
;
;
;
;
;
;
;
;
;
;
;
;
;
;
;
;
;
;
;
;
;
;
;
;
;
;
;
;
;
;
;
;
;
;
;
;
;
;
;
;
;
;
;
;
;
;
;
;
;
;
;
;
;
;
;
;
;
;
;
;
;
;
;
;
;
;
;
;
;
;
;
;
;
;
;
;
;
;
;
;
;
;
;
;
;
;
;
;
;
;
;
;
;
;
;
;
;
;
;
;
;
;
;
;
;
;
;
;
;
;
;
;
;
;
;
;
;
;
;
;
;
;
;
;
;
;
;
;
;
;
;
;
;
;
;
;
;
;
;
;
;
;
;
;
;
;
;
;
;
;
;
;
;
;
;
;
;
;
;
;
;
;
;
;
;
;
;
;
;
;
;
;
;
;
;
;
;
;
;
;
;
;
;
;
;
;
;
;
;
;
;
;
;
;
;
;
;
;
;
;
;
;
;
;
;
;
;
;
;
;
;
;
;
;
;
;
;
;
;
;
;
;
;
;
;
;
;
;
;
;
;
;
;
;
;
;
;
;
;
;
;
;
;
;
;
;
;
;
;
;
;
;
;
;
;
;
;
;
;
;
;
;
;
;
;
;
;
;
;
;
;
;
;
;
;
;
;
;
;
;
;
;
;
;
;
;
;
;
;
;
;
;
;
;
;
;
;
;
;
;
;
;
;
;
;
;
;
;
;
;
;
;
;
;
;
;
;
;
;
;
;
;
;
;
;
;
;
;
;
;
;
;
;
;
;
;
;
;
;
;
;
;
;
;
;
;
;
;
;
;
;
;
;
;
;
;
;
;
;
;
;
;
;
;
;
;
;
;
;
;
;
;
;
;
;
;
;
;
;
;
;
;
;
;
;
;
;
;
;
;
;
;
;
;
;
;
;
;
;
;
;
;
;
;
;
;
;
;
;
;
;
;
;
;
;
;
;
;
;
;
;
;
;
;
;
;
;
;
;
;
;
;
;
;
;
;
;
;
;
;
;
;
;
;
;
;
;
;
;
;
;
;
;
;
;
;
;
;
;
;
;
;
;
;
;
;
;
;
;
;
;
;
;
;
;
;
;
;
;
;
;
;
;
;
;
;
;
;
;
;
;
;
;
;
;
;
;
;
;
;
;
;
;
;
;
;
;
;
;
;
;
;
;
;
;
;
;
;
;
;
;
;
;
;
;
;
;
;
;
;
;
;
;
;
;
;
;
;
;
;
;
;
;
;
;
;
;
;
;
;
;
;
;
;
;
;
;
;
;
;
;
;
;
;
;
;
;
;
;
;
;
;
;
;
;
;
;
;
;
;
;
;
;
;
;
;
;
;
;
;
;
;
;
;
;
;
;
;
;
;
;
;
;
;
;
;
;
;
;
;
;
;
;
;
;
;
;
;
;
;
;
;
;
;
;
;
;
;
;
;
;
;
;
;
;
;
;
;
;
;
;
;
;
;
;
;
;
;
;
;
;
;
;
;
;
;
;
;
;
;
;
;
;
;
;
;
;
;
;
;
;
;
;
;
;
;
;
;
;
;
;
;
;
;
;
;
;
;
;
;
;
;
;
;
;
;
;
;
;
;
;
;
;
;
;
;
;
;
;
;
;
;
;
;
;
;
;
;
;
;
;
;
;
;
;
;
;
;
;
;
;
;
;
;
;
;
;
;
;
;
;
;
;
;
;
;
;
;
;
;
;
;
;
;
;
;
;
;
;
;
;
;
;
;
;
;
;
;
;
;
;
;
;
;
;
;
;
;
;
;
;
;
;
;
;
;
;
;
;
;
;
;
;
;
;
;
;
;
;
;
;
;
;
;
;
;
;
;
;
;
;
;
;
;
;
;
;
;
;
;
;
;
;
;
;
;
;
;
;
;
;
;
;
;
;
;
;
;
;
;
;
;
;
;
;
;
;
;
;
;
;
;
;
;
;
;
;
;
;
;
;
;
;
;
;
;
;
;
;
;
;
;
;
;
;
;
;
;
;
;
;
;
;
;
;
;
;
;
;
;
;
;
;
;
;
;
;
;
;
;
;
;
;
;
;
;
;
;
;
;
;
;
;
;
;
;
;
;
;
;
;
;
;
;
;
;
;
;
;
;
;
;
;
;
;
;
;
;
;
;
;
;
;
;
;
;
;
;
;
;
;
;
;
;
;
;
;
;
;
;
;
;
;
;
;
;
;
;
;
;
;
;
;
;
;
;
;
;
;
;
;
;
;
;
;
;
;
;
;
;
;
;
;
;
;
;
;
;
;
;
;
;
;
;
;
;
;
;
;
;
;
;
;
;
;
;
;
;
;
;
;
;
;
;
;
;
;
;
;
;
;
;
;
;
;
;
;
;
;
;
;
;
;
;
;
;
;
;
;
;
;
;
;
;
;
;
;
;
;
;
;
;
;
;
;
;
;
;
;
;
;
;
;
;
;
;
;
;
;
;
;
;
;
;
;
;
;
;
;
;
;
;
;
;
;
;
;
;
;
;
;
;
;
;
;
;
;
;
;
;
;
;
;
;
;
;
;
;
;
;
;
;
;
;
;
;
;
;
;
;
;
;
;
;
;
;
;
;
;
;
;
;
;
;
;
;
;
;
;
;
;
;
;
;
;
;
;
;
;
;
;
;
;
;
;
;
;
;
;
;
;
;
;
;
;
;
;
;
;
;
;
;
;
;
;
;
;
;
;
;
;
;
;
;
;
;
;
;
;
;
;
;
;
;
;
;
;
;
;
;
;
;
;
;
;
;
;
;
;
;
;
;
;
;
;
;
;
;
;
;
;
;
;
;
;
;
;
;
;
;
;
;
;
;
;
;
;
;
;
;
;
;
;
;
;
;
;
;
;
;
;
;
;
;
;
;
;
;
;
;
;
;
;
;
;
;
;
;
;
;
;
;
;
;
;
;
;
;
;
;
;
;
;
;
;
;
;
;
;
;
;
;
;
;
;
;
;
;
;
;
;
;
;
;
;
;
;
;
;
;
;
;
;
;
;
;
;
;
;
;
;
;
;
;
;
;
;
;
;
;
;
;
;
;
;
;
;
;
;
;
;
;
;
;
;
;
;
;
;
;
;
;
;
;
;
;
;
;
;
;
;
;
;
;
;
;
;
;
;
;
;
;
;
;
;
;
;
;
;
;
;
;
;
;
;
;
;
;
;
;
;
;
;
;
;
;
;
;
;
;
;
;
;
;
;
;
;
;
;
;
;
;
;
;
;
;
;
;
;
;
;
;
;
;
;
;
;
;
;
;
;
;
;
;
;
;
;
;
;
;
;
;
;
;
;
;
;
;
;
;
;
;
;
;
;
;
;
;
;
;
;
;
;
;
;
;
;
;
;
;
;
;
;
;
;
;
;
;
;
;
;
;
;
;
;
;
;
;
;
;
;
;
;
;
;
;
;
;
;
;
;
;
;
;
;
;
;
;
;
;
;
;
;
;
;
;
;
;
;
;
;
;
;
;
;
;
;
;
;
;
;
;
;
;
;
;
;
;
;
;
;
;
;
;
;
;
;
;
;
;
;
;
;
;
;
;
;
;
;
;
;
;
;
;
;
;
;
;
;
;
;
;
;
;
;
;
;
;
;
;
;
;
;
;
;
;
;
;
;
;
;
;
;
;
;
;
;
;
;
;
;
;
;
;
;
;
;
;
;
;
;
;
;
;
;
;
;
;
;
;
;
;
;
;
;
;
;
;
;
;
;
;
;
;
;
;
;
;
;
;
;
;
;
;
;
;
;
;
;
;
;
;
;
;
;
;
;
;
;
;
;
;
;
;
;
;
;
;
;
;
;
;
;
;
;
;
;
;
;
;
;
;
;
;
;
;
;
;
;
;
;
;
;
;
;
;
;
;
;
;
;
;
;
;
;
;
;
;
;
;
;
;
;
;
;
;
;
;
;
;
;
;
;
;
;
;
;
;
;
;
;
;
;
;
;
;
;
;
;
;
;
;
;
;
;
;
;
;
;
;
;
;
;
;
;
;
;
;
;
;
;
;
;
;
;
;
;
;
;
;
;
;
;
;
;
;
;
;
;
;
;
;
;
;
;
;
;
;
;
;
;
;
;
;
;
;
;
;
;
;
;
;
;
;
;
;
;
;
;
;
;
;
;
;
;
;
;
;
;
;
;
;
;
;
;
;
;
;
;
;
;
;
;
;
;
;
;
;
;
;
;
;
;
;
;
;
;
;
;
;
;
;
;
;
;
;
;
;
;
;
;
;
;
;
;
;
;
;
;
;
;
;
;
;
;
;
;
;
;
;
;
;
;
;
;
;
;
;
;
;
;
;
;
;
;
;
;
;
;
;
;
;
;
;
;
;
;
;
;
;
;
;
;
;
;
;
;
;
;
;
;
;
;
;
;
;
;
;
;
;
;
;
;
;
;
;
;
;
;
;
;
;
;
;
;
;
;
;
;
;
;
;
;
;
;
;
;
;
;
;
;
;
;
;
;
;
;
;
;
;
;
;
;
;
;
;
;
;
;
;
;
;
;
;
;
;
;
;
;
;
;
;
;
;
;
;
;
;
;
;
;
;
;
;
;
;
;
;
;
;
;
;
;
;
;
;
;
;
;
;
;
;
;
;
;
;
;
;
;
;
;
;
;
;
;
;
;
;
;
;
;
;
;
;
;
;
;
;
;
;
;
;
;
;
;
;
;
;
;
;
;
;
;
;
;
;
;
;
;
;
;
;
;
;
;
;
;
;
;
;
;
;
;
;
;
;
;
;
;
;
;
;
;
;
;
;
;
;
;
;
;
;
;
;
;
;
;
;
;
;
;
;
;
;
;
;
;
;
;
;
;
;
;
;
;
;
;
;
;
;
;
;
;
;
;
;
;
;
;
;
;
;
;
;
;
;
;
;
;
;
;
;
;
;
;
;
;
;
;
;
;
;
;
;
;
;
;
;
;
;
;
;
;
;
;
;
;
;
;
;
;
;
;
;
;
;
;
;
;
;
;
;
;
;
;
;
;
;
;
;
;
;
;
;
;
;
;
;
;
;
;
;
;
;
;
;
;
;
;
;
;
;
;
;
;
;
;
;
;
;
;
;
;
;
;
;
;
;
;
;
;
;
;
;
;
;
;
;
;
;
;
;
;
;
;
;
;
;
;
;
;
;
;
;
;
;
;
;
;
;
;
;
;
;
;
;
;
;
;
;
;
;
;
;
;
;
;
;
;
;
;
;
;
;
;
;
;
;
;
;
;
;
;
;
;
;
;
;
;
;
;
;
;
;
;
;
;
;
;
;
;
;
;
;
;
;
;
;
;
;
;
;
;
;
;
;
;
;
;
;
;
;
;
;
;
;
;
;
;
;
;
;
;
;
;
;
;
;
;
;
;
;
;
;
;
;
;
;
;
;
;
;
;
;
;
;
;
;
;
;
;
;
;
;
;
;
;
;
;
;
;
;
;
;
;
;
;
;
;
;
;
;
;
;
;
;
;
;
;
;
;
;
;
;
;
;
;
;
;
;
;
;
;
;
;
;
;
;
;
;
;
;
;
;
;
;
;
;
;
;
;
;
;
;
;
;
;
;
;
;
;
;
;
;
;
;
;
;
;
;
;
;
;
;
;
;
;
;
;
;
;
;
;
;
;
;
;
;
;
;
;
;
;
;
;
;
;
;
;
;
;
;
;
;
;
;
;
;
;
;
;
;
;
;
;
;
;
;
;
;
;
;
;
;
;
;
;
;
;
;
;
;
;
;
;
;
;
;
;
;
;
;
;
;
;
;
;
;
;
;
;
;
;
;
;
;
;
;
;
;
;
;
;
;
;
;
;
;
;
;
;
;
;
;
;
;
;
;
;
;
;
;
;
;
;
;
;
;
;
;
;
;
;
;
;
;
;
;
;
;
;
;
;
;
;
;
;
;
;
;
;
;
;
;
;
;
;
;
;
;
;
;
;
;
;
;
;
;
;
;
;
;
;
;
;
;
;
;
;
;
;
;
;
;
;
;
;
;
;
;
;
;
;
;
;
;
;
;
;
;
;
;
;
;
;
;
;
;
;
;
;
;
;
;
;
;
;
;
;
;
;
;
;
;
;
;
;
;
;
;
;
;
;
;
;
;
;
;
;
;
;
;
;
;
;
;
;
;
;
;
;
;
;
;
;
;
;
;
;
;
;
;
;
;
;
;
;
;
;
;
;
;
;
;
;
;
;
;
;
;
;
;
;
;
;
;
;
;
;
;
;
;
;
;
;
;
;
;
;
;
;
;
;
;
;
;
;
;
;
;
;
;
;
;
;
;
;
;
;
;
;
;
;
;
;
;
;
;
;
;
;
;
;
;
;
;
;
;
;
;
;
;
;
;
;
;
;
;
;
;
;
;
;
;
;
;
;
;
;
;
;
;
;
;
;
;
;
;
;
;
;
;
;
;
;
;
;
;
;
;
;
;
;
;
;
;
;
;
;
;
;
;
;
;
;
;
;
;
;
;
;
;
;
;
;
;
;
;
;
;
;
;
;
;
;
;
;
;
;
;
;
;
;
;
;
;
;
;
;
;
;
;
;
;
;
;
;
;
;
;
;
;
;
;
;
;
;
;
;
;
;
;
;
;
;
;
;
;
;
;
;
;
;
;
;
;
;
;
;
;
;
;
;
;
;
;
;
;
;
;
;
;
;
;
;
;
;
;
;
;
;
;
;
;
;
;
;
;
;
;
;
;
;
;
;
;
;
;
;
;
;
;
;
;
;
;
;
;
;
;
;
;
;
;
;
;
;
;
;
;
;
;
;
;
;
;
;
;
;
;
;
;
;
;
;
;
;
;
;
;
;
;
;
;
;
;
;
;
;
;
;
;
;
;
;
;
;
;
;
;
;
;
;
;
;
;
;
;
;
;
;
;
;
;
;
;
;
;
;
;
;
;
;
;
;
;
;
;
;
;
;
;
;
;
;
;
;
;
;
;
;
;
;
;
;
;
;
;
;
;
;
;
;
;
;
;
;
;
;
;
;
;
;
;
;
;
;
;
;
;
;
;
;
;
;
;
;
;
;
;
;
;
;
;
;
;
;
;
;
;
;
;
;
;
;
;
;
;
;
;
;
;
;
;
;
;
;
;
;
;
;
;
;
;
;
;
;
;
;
;
;
;
;
;
;
;
;
;
;
;
;
;
;
;
;
;
;
;
;
;
;
;
;
;
;
;
;
;
;
;
;
;
;
;
;
;
;
;
;
;
;
;
;
;
;
;
;
;
;
;
;
;
;
;
;
;
;
;
;
;
;
;
;
;
;
;
;
;
;
;
;
;
;
;
;
;
;
;
;
;
;
;
;
;
;
;
;
;
;
;
;
;
;
;
;
;
;
;
;
;
;
;
;
;
;
;
;
;
;
;
;
;
;
;
;
;
;
;
;
;
;
;
;
;
;
;
;
;
;
;
;
;
;
;
;
;
;
;
;
;
;
;
;
;
;
;
;
;
;
;
;
;
;
;
;
;
;
;
;
;
;
;
;
;
;
;
;
;
;
;
;
;
;
;
;
;
;
;
;
;
;
;
;
;
;
;
;
;
;
;
;
;
;
;
;
;
;
;
;
;
;
;
;
;
;
;
;
;
;
;
;
;
;
;
;
;
;
;
;
;
;
;
;
;
;
;
;
;
;
;
;
;
;
;
;
;
;
;
;
;
;
;
;
;
;
;
;
;
;
;
;
;
;
;
;
;
;
;
;
;
;
;
;
;
;
;
;
;
;
;
;
;
;
;
;
;
;
;
;
;
;
;
;
;
;
;
;
;
;
;
;
;
;
;
;
;
;
;
;
;
;
;
;
;
;
;
;
;
;
;
;
;
;
;
;
;
;
;
;
;
;
;
;
;
;
;
;
;
;
;
;
;
;
;
;
;
;
;
;
;
;
;
;
;
;
;
;
;
;
;
;
;
;
;
;
;
;
;
;
;
;
;
;
;
;
;
;
;
;
;
;
;
;
;
;
;
;
;
;
;
;
;
;
;
;
;
;
;
;
;
;
;
;
;
;
;
;
;
;
;
;
;
;
;
;
;
;
;
;
;
;
;
;
;
;
;
;
;
;
;
;
;
;
;
;
;
;
;
;
;
;
;
;
;
;
;
;
;
;
;
;
;
;
;
;
;
;
;
;
;
;
;
;
;
;
;
;
;
;
;
;
;
;
;
;
;
;
;
;
;
;
;
;
;
;
;
;
;
;
;
;
;
;
;
;
;
;
;
;
;
;
;
;
;
;
;
;
;
;
;
;
;
;
;
;
;
;
;
;
;
;
;
;
;
;
;
;
;
;
;
;
;
;
;
;
;
;
;
;
;
;
;
;
;
;
;
;
;
;
;
;
;
;
;
;
;
;
;
;
;
;
;
;
;
;
;
;
;
;
;
;
;
;
;
;
;
;
;
;
;
;
;
;
;
;
;
;
;
;
;
;
;
;
;
;
;
;
;
;
;
;
;
;
;
;
;
;
;
;
;
;
;
;
;
;
;
;
;
;
;
;
;
;
;
;
;
;
;
;
;
;
;
;
;
;
;
;
;
;
;
;
;
;
;
;
;
;
;
;
;
;
;
;
;
;
;
;
;
;
;
;
;
;
;
;
;
;
;
;
;
;
;
;
;
;
;
;
;
;
;
;
;
;
;
;
;
;
;
;
;
;
;
;
;
;
;
;
;
;
;
;
;
;
;
;
;
;
;
;
;
;
;
;
;
;
;
;
;
;
;
;
;
;
;
;
;
;
;
;
;
;
;
;
;
;
;
;
;
;
;
;
;
;
;
;
;
;
;
;
;
;
;
;
;
;
;
;
;
;
;
;
;
;
;
;
;
;
;
;
;
;
;
;
;
;
;
;
;
;
;
;
;
;
;
;
;
;
;
;
;
;
;
;
;
;
;
;
;
;
;
;
;
;
;
;
;
;
;
;
;
;
;
;
;
;
;
;
;
;
;
;
;
;
;
;
;
;
;
;
;
;
;
;
;
;
;
;
;
;
;
;
;
;
;
;
;
;
;
;
;
;
;
;
;
;
;
;
;
;
;
;
;
;
;
;
;
;
;
;
;
;
;
;
;
;
;
;
;
;
;
;
;
;
;
;
;
;
;
;
;
;
;
;
;
;
;
;
;
;
;
;
;
;
;
;
;
;
;
;
;
;
;
;
;
;
;
;
;
;
;
;
;
;
;
;
;
;
;
;
;
;
;
;
;
;
;
;
;
;
;
;
;
;
;
;
;
;
;
;
;
;
;
;
;
;
;
;
;
;
;
;
;
;
;
;
;
;
;
;
;
;
;
;
;
;
;
;
;
;
;
;
;
;
;
;
;
;
;
;
;
;
;
;
;
;
;
;
;
;
;
;
;
;
;
;
;
;
;
;
;
;
;
;
;
;
;
;
;
;
;
;
;
;
;
;
;
;
;
;
;
;
;
;
;
;
;
;
;
;
;
;
;
;
;
;
;
;
;
;
;
;
;
;
;
;
;
;
;
;
;
;
;
;
;
;
;
;
;
;
;
;
;
;
;
;
;
;
;
;
;
;
;
;
;
;
;
;
;
;
;
;
;
;
;
;
;
;
;
;
;
;
;
;
;
;
;
;
;
;
;
;
;
;
;
;
;
;
;
;
;
;
;
;
;
;
;
;
;
;
;
;
;
;
;
;
;
;
;
;
;
;
;
;
;
;
;
;
;
;
;
;
;
;
;
;
;
;
;
;
;
;
;
;
;
;
;
;
;
;
;
;
;
;
;
;
;
;
;
;
;
;
;
;
;
;
;
;
;
;
;
;
;
;
;
;
;
;
;
;
;
;
;
;
;
;
;
;
;
;
;
;
;
;
;
;
;
;
;
;
;
;
;
;
;
;
;
;
;
;
;
;
;
;
;
;
;
;
;
;
;
;
;
;
;
;
;
;
;
;
;
;
;
;
;
;
;
;
;
;
;
;
;
;
;
;
;
;
;
;
;
;
;
;
;
;
;
;
;
;
;
;
;
;
;
;
;
;
;
;
;
;
;
;
;
;
;
;
;
;
;
;
;
;
;
;
;
;
;
;
;
;
;
;
;
;
;
;
;
;
;
;
;
;
;
;
;
;
;
;
;
;
;
;
;
;
;
;
;
;
;
;
;
;
;
;
;
;
;
;
;
;
;
;
;
;
;
;
;
;
;
;
;
;
;
;
;
;
;
;
;
;
;
;
;
;
;
;
;
;
;
;
;
;
;
;
;
;
;
;
;
;
;
;
;
;
;
;
;
;
;
;
;
;
;
;
;
;
;
;
;
;
;
;
;
;
;
;
;
;
;
;
;
;
;
;
;
;
;
;
;
;
;
;
;
;
;
;
;
;
;
;
;
;
;
;
;
;
;
;
;
;
;
;
;
;
;
;
;
;
;
;
;
;
;
;
;
;
;
;
;
;
;
;
;
;
;
;
;
;
;
;
;
;
;
;
;
;
;
;
;
;
;
;
;
;
;
;
;
;
;
;
;
;
;
;
;
;
;
;
;
;
;
;
;
;
;
;
;
;
;
;
;
;
;
;
;
;
;
;
;
;
;
;
;
;
;
;
;
;
;
;
;
;
;
;
;
;
;
;
;
;
;
;
;
;
;
;
;
;
;
;
;
;
;
;
;
;
;
;
;
;
;
;
;
;
;
;
;
;
;
;
;
;
;
;
;
;
;
;
;
;
;
;
;
;
;
;
;
;
;
;
;
;
;
;
;
;
;
;
;
;
;
;
;
;
;
;
;
;
;
;
;
;
;
;
;
;
;
;
;
;
;
;
;
;
;
;
;
;
;
;
;
;
;
;
;
;
;
;
;
;
;
;
;
;
;
;
;
;
;
;
;
;
;
;
;
;
;
;
;
;
;
;
;
;
;
;
;
;
;
;
;
;
;
;
;
;
;
;
;
;
;
;
;
;
;
;
;
;
;
;
;
;
;
;
;
;
;
;
;
;
;
;
;
;
;
;
;
;
;
;
;
;
;
;
;
;
;
;
;
;
;
;
;
;
;
;
;
;
;
;
;
;
;
;
;
;
;
;
;
;
;
;
;
;
;
;
;
;
;
;
;
;
;
;
;
;
;
;
;
;
;
;
;
;
;
;
;
;
;
;
;
;
;
;
;
;
;
;
;
;
;
;
;
;
;
;
;
;
;
;
;
;
;
;
;
;
;
;
;
;
;
;
;
;
;
;
;
;
;
;
;
;
;
;
;
;
;
;
;
;
;
;
;
;
;
;
;
;
;
;
;
;
;
;
;
;
;
;
;
;
;
;
;
;
;
;
;
;
;
;
;
;
;
;
;
;
;
;
;
;
;
;
;
;
;
;
;
;
;
;
;
;
;
;
;
;
;
;
;
;
;
;
;
;
;
;
;
;
;
;
;
;
;
;
;
;
;
;
;
;
;
;
;
;
;
;
;
;
;
;
;
;
;
;
;
;
;
;
;
;
;
;
;
;
;
;
;
;
;
;
;
;
;
;
;
;
;
;
;
;
;
;
;
;
;
;
;
;
;
;
;
;
;
;
;
;
;
;
;
;
;
;
;
;
;
;
;
;
;
;
;
;
;
;
;
;
;
;
;
;
;
;
;
;
;
;
;
;
;
;
;
;
;
;
;
;
;
;
;
;
;
;
;
;
;
;
;
;
;
;
;
;
;
;
;
;
;
;
;
;
;
;
;
;
;
;
;
;
;
;
;
;
;
;
;
;
;
;
;
;
;
;
;
;
;
;
;
;
;
;
;
;
;
;
;
;
;
;
;
;
;
;
;
;
;
;
;
;
;
;
;
;
;
;
;
;
;
;
;
;
;
;
;
;
;
;
;
;
;
;
;
;
;
;
;
;
;
;
;
;
;
;
;
;
;
;
;
;
;
;
;
;
;
;
;
;
;
;
;
;
;
;
;
;
;
;
;
;
;
;
;
;
;
;
;
;
;
;
;
;
;
;
;
;
;
;
;
;
;
;
;
;
;
;
;
;
;
;
;
;
;
;
;
;
;
;
;
;
;
;
;
;
;
;
;
;
;
;
;
;
;
;
;
;
;
;
;
;
;
;
;
;
;
;
;
;
;
;
;
;
;
;
;
;
;
;
;
;
;
;
;
;
;
;
;
;
;
;
;
;
;
;
;
;
;
;
;
;
;
;
;
;
;
;
;
;
;
;
;
;
;
;
;
;
;
;
;
;
;
;
;
;
;
;
;
;
;
;
;
;
;
;
;
;
;
;
;
;
;
;
;
;
;
;
;
;
;
;
;
;
;
;
;
;
;
;
;
;
;
;
;
;
;
;
;
;
;
;
;
;
;
;
;
;
;
;
;
;
;
;
;
;
;
;
;
;
;
;
;
;
;
;
;
;
;
;
;
;
;
;
;
;
;
;
;
;
;
;
